nome,data,orario_inizio,orario_fine
Luca Ferrari,2025-04-03,10:15,14:15
Alessia Marino,2026-10-26,13:30,20:30
Valentina Moretti,2025-03-30,18:00,20:00
Giulia Romano,2025-12-15,10:30,11:30
Roberto Palmieri,2026-01-23,12:45,14:45
Marco Rossi,2026-02-01,17:00,20:00
Silvia Martini,2026-10-06,08:15,12:15
Roberto Palmieri,2025-03-13,11:30,16:30
Alessia Marino,2025-02-21,16:00,20:00
Giulia Romano,2025-11-30,18:15,20:00
Matteo Greco,2025-02-19,18:15,20:00
Sofia Bianchi,2025-09-19,13:15,20:15
Valentina Moretti,2025-04-06,17:00,18:00
Daniele Gatti,2026-11-30,10:15,11:15
Chiara De Luca,2026-03-07,16:15,20:00
Alessia Marino,2025-09-12,15:00,20:00
Marco Rossi,2025-03-03,08:15,14:15
Matteo Greco,2025-03-06,16:30,18:30
Davide Santoro,2026-09-25,17:15,20:00
Davide Santoro,2025-07-15,12:15,16:15
Sofia Bianchi,2026-07-30,11:00,12:00
Matteo Greco,2025-09-20,12:15,18:15
Laura Messina,2026-06-06,13:15,16:15
Roberto Palmieri,2025-05-25,14:15,19:15
Chiara De Luca,2026-05-14,12:30,13:30
Matteo Greco,2026-04-22,09:30,10:30
Andrea Conti,2026-06-19,16:15,17:15
Anna Serra,2026-11-06,08:00,12:00
Matteo Greco,2025-04-26,18:45,20:00
Elena Barbieri,2025-02-08,16:00,19:00
Daniele Gatti,2026-12-12,08:15,10:15
Matteo Greco,2026-11-01,14:15,20:00
Laura Messina,2025-12-01,10:15,15:15
Chiara De Luca,2025-01-22,18:45,20:00
Elisabetta Ferrara,2025-08-19,10:00,17:00
Sofia Bianchi,2026-06-24,18:00,20:00
Valentina Moretti,2026-12-18,09:00,12:00
Laura Messina,2025-01-24,09:00,17:00
Laura Messina,2026-10-18,18:00,20:00
Giulia Romano,2025-12-28,12:00,18:00
Anna Serra,2025-07-27,14:30,17:30
Elena Barbieri,2026-09-02,16:30,17:30
Alessia Marino,2025-10-15,10:30,16:30
Elisabetta Ferrara,2026-10-05,15:30,20:00
Luca Ferrari,2026-01-20,14:15,20:00
Luca Ferrari,2025-10-08,14:15,16:15
Francesco Rizzo,2025-03-28,14:00,18:00
Matteo Greco,2026-10-12,11:45,14:45
Silvia Martini,2025-12-31,15:00,19:00
Antonio Leone,2025-07-20,10:00,16:00
Roberto Palmieri,2026-01-12,18:30,19:30
Alessia Marino,2026-04-27,11:30,19:30
Daniele Gatti,2025-04-02,16:00,19:00
Simone Villa,2025-08-02,17:00,18:00
Silvia Martini,2025-11-20,16:30,18:30
Elisabetta Ferrara,2026-03-29,12:45,20:45
Laura Messina,2026-04-02,13:15,16:15
Marco Rossi,2025-12-25,16:15,20:00
Daniele Gatti,2025-10-15,17:30,20:00
Anna Serra,2026-09-06,14:15,20:00
Andrea Conti,2026-11-14,11:00,18:00
Antonio Leone,2025-04-20,10:00,16:00
Anna Serra,2026-04-20,08:45,16:45
Simone Villa,2026-08-31,16:45,18:45
Alessia Marino,2025-02-23,18:45,20:00
Anna Serra,2025-05-07,13:30,20:00
Simone Villa,2026-11-12,10:45,11:45
Daniele Gatti,2025-12-13,18:00,20:00
Chiara De Luca,2025-10-26,09:30,14:30
Anna Serra,2025-01-31,18:00,20:00
Luca Ferrari,2025-11-24,15:45,20:00
Giulia Romano,2026-10-12,14:00,20:00
Elisabetta Ferrara,2025-09-06,12:00,18:00
Antonio Leone,2026-07-25,18:00,20:00
Roberto Palmieri,2026-07-11,12:45,13:45
Roberto Palmieri,2026-04-27,10:00,17:00
Daniele Gatti,2025-01-22,18:00,19:00
Alessia Marino,2026-11-01,08:15,14:15
Elisabetta Ferrara,2026-03-28,18:15,20:00
Marco Rossi,2026-10-28,17:30,19:30
Luca Ferrari,2026-05-16,11:15,15:15
Luca Ferrari,2025-05-04,09:15,16:15
Francesco Rizzo,2025-01-02,16:00,20:00
Marco Rossi,2025-11-23,14:45,18:45
Antonio Leone,2026-02-17,17:45,20:00
Roberto Palmieri,2026-05-08,15:00,20:00
Laura Messina,2025-04-08,10:45,11:45
Silvia Martini,2026-10-29,17:00,18:00
Giulia Romano,2025-03-08,18:30,20:00
Laura Messina,2025-10-07,14:00,16:00
Elisabetta Ferrara,2025-12-02,08:00,11:00
Giulia Romano,2026-11-13,16:30,20:00
Anna Serra,2025-11-26,18:15,20:15
Laura Messina,2026-01-20,09:00,10:00
Roberto Palmieri,2026-04-17,08:15,09:15
Valentina Moretti,2025-01-16,11:30,13:30
Elena Barbieri,2025-03-05,08:30,15:30
Giulia Romano,2026-02-01,14:30,19:30
Daniele Gatti,2025-04-02,15:30,20:30
Silvia Martini,2025-04-09,16:00,20:00
Valentina Moretti,2026-06-12,18:15,20:15
Chiara De Luca,2025-11-13,15:00,19:00
Simone Villa,2026-04-13,13:30,19:30
Giulia Romano,2026-08-25,09:30,14:30
Andrea Conti,2025-08-12,09:45,13:45
Luca Ferrari,2026-12-28,14:15,20:00
Sofia Bianchi,2026-05-08,14:30,15:30
Valentina Moretti,2026-11-07,11:00,16:00
Roberto Palmieri,2025-12-01,09:00,14:00
Antonio Leone,2025-03-02,12:00,16:00
Alessia Marino,2026-03-31,15:45,20:00
Laura Messina,2026-02-26,11:45,14:45
Anna Serra,2025-04-19,10:00,11:00
Alessia Marino,2026-04-30,12:30,20:30
Marco Rossi,2026-06-24,17:45,20:00
Elena Barbieri,2025-02-12,11:45,19:45
Daniele Gatti,2026-04-03,13:30,17:30
Valentina Moretti,2025-10-27,18:45,20:45
Daniele Gatti,2025-06-04,10:00,18:00
Valentina Moretti,2025-09-28,15:15,20:00
Matteo Greco,2026-06-20,12:00,20:00
Matteo Greco,2025-10-02,09:30,16:30
Simone Villa,2026-10-12,15:30,16:30
Daniele Gatti,2026-10-14,18:00,19:00
Elena Barbieri,2026-03-04,10:15,16:15
Laura Messina,2026-09-03,10:15,11:15
Marco Rossi,2026-05-19,17:15,20:00
Simone Villa,2025-06-16,12:30,13:30
Sofia Bianchi,2026-11-26,16:30,20:00
Antonio Leone,2026-07-01,18:15,20:00
Francesco Rizzo,2026-09-03,16:30,18:30
Antonio Leone,2025-05-08,18:15,20:00
Silvia Martini,2025-04-03,16:30,20:00
Daniele Gatti,2025-11-16,09:15,15:15
Laura Messina,2025-03-17,12:45,18:45
Chiara De Luca,2026-12-31,13:45,19:45
Luca Ferrari,2025-10-29,10:45,11:45
Anna Serra,2025-02-26,13:00,14:00
Alessia Marino,2026-08-27,17:30,20:00
Roberto Palmieri,2025-02-02,17:30,20:00
Valentina Moretti,2026-04-01,15:00,16:00
Roberto Palmieri,2026-04-17,10:45,12:45
Giulia Romano,2026-02-06,16:45,20:45
Elisabetta Ferrara,2025-05-11,15:00,20:00
Elena Barbieri,2026-02-23,14:15,20:00
Matteo Greco,2025-11-04,12:30,16:30
Giulia Romano,2025-07-13,08:00,09:00
Valentina Moretti,2025-04-21,15:15,17:15
Chiara De Luca,2025-04-07,08:15,14:15
Marco Rossi,2025-12-18,10:30,13:30
Antonio Leone,2026-05-19,13:30,15:30
Laura Messina,2025-12-28,14:00,20:00
Anna Serra,2026-12-12,16:15,18:15
Elena Barbieri,2026-11-12,15:30,17:30
Andrea Conti,2025-02-01,09:00,17:00
Davide Santoro,2026-07-05,11:30,12:30
Anna Serra,2026-02-24,12:15,16:15
Elena Barbieri,2025-05-14,09:15,16:15
Valentina Moretti,2025-10-05,16:30,20:00
Antonio Leone,2026-09-01,09:00,10:00
Valentina Moretti,2025-10-31,14:30,19:30
Marco Rossi,2026-03-25,08:30,10:30
Marco Rossi,2025-02-23,18:15,20:00
Simone Villa,2026-06-11,12:15,20:15
Luca Ferrari,2026-12-23,12:30,17:30
Anna Serra,2026-05-30,09:15,15:15
Chiara De Luca,2026-08-30,18:00,20:00
Anna Serra,2026-12-25,18:30,20:00
Simone Villa,2026-05-31,16:45,20:00
Marco Rossi,2026-11-03,18:30,20:00
Giulia Romano,2025-02-26,10:45,17:45
Simone Villa,2025-02-04,10:15,16:15
Elisabetta Ferrara,2025-10-15,12:45,20:45
Sofia Bianchi,2026-08-08,11:00,12:00
Giulia Romano,2026-05-17,16:00,20:00
Alessia Marino,2026-02-20,08:45,16:45
Daniele Gatti,2025-05-10,17:15,18:15
Roberto Palmieri,2025-09-06,15:45,20:00
Francesco Rizzo,2025-06-25,12:45,16:45
Elisabetta Ferrara,2026-10-11,16:45,20:00
Laura Messina,2026-09-16,16:45,17:45
Giulia Romano,2026-03-09,13:45,14:45
Davide Santoro,2025-08-20,18:15,20:00
Sofia Bianchi,2025-10-02,14:15,18:15
Anna Serra,2025-12-18,13:15,20:00
Antonio Leone,2025-12-20,14:45,18:45
Luca Ferrari,2025-07-20,10:15,12:15
Marco Rossi,2025-06-06,14:30,18:30
Silvia Martini,2026-07-26,18:45,19:45
Luca Ferrari,2025-05-18,08:00,13:00
Alessia Marino,2026-04-24,09:00,14:00
Francesco Rizzo,2026-04-25,13:15,20:00
Alessia Marino,2025-03-13,17:30,19:30
Antonio Leone,2026-02-04,16:00,20:00
Matteo Greco,2025-06-12,08:00,10:00
Giulia Romano,2025-04-17,18:30,20:30
Silvia Martini,2025-07-24,09:15,15:15
Francesco Rizzo,2025-04-11,08:15,13:15
Elisabetta Ferrara,2026-07-29,08:30,14:30
Giulia Romano,2025-06-04,15:00,16:00
Davide Santoro,2026-05-20,08:00,12:00
Valentina Moretti,2026-08-20,16:15,20:00
Valentina Moretti,2025-12-25,08:30,15:30
Roberto Palmieri,2025-02-03,14:15,20:15
Matteo Greco,2026-10-11,15:45,20:00
Chiara De Luca,2025-12-25,11:15,16:15
Elisabetta Ferrara,2026-05-27,17:30,20:00
Luca Ferrari,2025-05-04,15:30,20:00
Chiara De Luca,2026-11-09,16:15,20:00
Marco Rossi,2025-04-04,17:30,19:30
Anna Serra,2025-02-28,16:30,20:00
Laura Messina,2026-04-13,08:45,11:45
Anna Serra,2025-08-08,16:15,17:15
Alessia Marino,2026-01-18,15:30,18:30
Antonio Leone,2026-09-05,10:30,18:30
Silvia Martini,2026-06-21,13:00,20:00
Anna Serra,2026-07-02,16:45,20:00
Matteo Greco,2025-05-06,16:30,20:00
Laura Messina,2026-12-07,08:30,13:30
Anna Serra,2026-01-20,18:00,20:00
Antonio Leone,2026-01-25,17:00,18:00
Elena Barbieri,2025-07-20,10:45,17:45
Daniele Gatti,2025-11-07,10:00,14:00
Giulia Romano,2025-12-19,17:15,20:00
Simone Villa,2025-07-17,14:45,17:45
Matteo Greco,2026-06-24,16:45,20:00
Silvia Martini,2026-06-03,08:45,12:45
Roberto Palmieri,2026-04-08,09:30,14:30
Andrea Conti,2025-08-22,11:30,17:30
Alessia Marino,2025-05-08,08:30,12:30
Elisabetta Ferrara,2026-12-23,16:45,18:45
Daniele Gatti,2026-12-01,12:15,14:15
Elena Barbieri,2026-09-22,08:15,12:15
Marco Rossi,2026-07-21,16:00,19:00
Alessia Marino,2026-08-13,08:30,10:30
Alessia Marino,2026-02-22,13:30,15:30
Valentina Moretti,2026-10-12,18:00,20:00
Alessia Marino,2025-07-03,10:45,18:45
Daniele Gatti,2026-03-15,08:45,15:45
Davide Santoro,2026-12-02,10:45,18:45
Roberto Palmieri,2026-04-29,11:00,14:00
Davide Santoro,2026-05-10,17:15,20:00
Andrea Conti,2026-02-25,13:00,15:00
Giulia Romano,2025-11-12,18:30,20:00
Sofia Bianchi,2025-03-26,14:30,17:30
Marco Rossi,2026-12-25,08:00,13:00
Alessia Marino,2025-07-29,12:00,20:00
Antonio Leone,2026-09-07,11:00,17:00
Laura Messina,2026-09-17,15:45,16:45
Matteo Greco,2026-05-31,18:30,20:00
Roberto Palmieri,2026-01-06,16:00,20:00
Alessia Marino,2025-11-23,11:45,13:45
Daniele Gatti,2025-12-05,16:00,19:00
Chiara De Luca,2025-08-07,11:15,19:15
Elisabetta Ferrara,2026-08-25,17:30,20:00
Luca Ferrari,2025-12-23,16:15,17:15
Anna Serra,2026-05-08,13:30,16:30
Luca Ferrari,2026-11-19,17:30,20:00
Chiara De Luca,2026-06-12,12:15,17:15
Marco Rossi,2025-02-24,14:45,15:45
Simone Villa,2026-03-02,17:00,20:00
Antonio Leone,2026-01-24,11:45,12:45
Elena Barbieri,2026-01-26,08:15,13:15
Laura Messina,2025-03-30,17:00,20:00
Elena Barbieri,2025-09-07,10:45,17:45
Elisabetta Ferrara,2026-08-03,09:00,13:00
Giulia Romano,2026-07-02,09:00,13:00
Laura Messina,2026-02-08,10:00,16:00
Sofia Bianchi,2025-03-09,14:30,20:00
Giulia Romano,2026-05-12,13:00,20:00
Sofia Bianchi,2026-08-14,14:00,19:00
Francesco Rizzo,2026-01-01,12:45,14:45
Sofia Bianchi,2026-01-16,13:30,16:30
Chiara De Luca,2026-03-27,14:00,17:00
Matteo Greco,2025-12-25,14:45,18:45
Silvia Martini,2027-01-01,10:15,12:15
Francesco Rizzo,2025-07-08,11:15,16:15
Simone Villa,2026-06-18,14:30,20:00
Alessia Marino,2025-05-26,08:30,12:30
Valentina Moretti,2025-01-10,16:15,19:15
Valentina Moretti,2025-09-11,16:00,18:00
Valentina Moretti,2025-12-30,18:45,20:00
Marco Rossi,2025-02-22,17:00,20:00
Valentina Moretti,2026-08-05,11:45,15:45
Silvia Martini,2026-07-10,11:45,18:45
Valentina Moretti,2025-07-07,16:45,20:00
Davide Santoro,2026-05-30,17:00,20:00
Laura Messina,2026-10-04,18:15,20:00
Anna Serra,2025-11-24,16:45,20:00
Antonio Leone,2026-12-20,16:30,20:00
Alessia Marino,2025-12-20,11:15,16:15
Davide Santoro,2025-08-21,11:30,19:30
Francesco Rizzo,2025-06-04,11:30,17:30
Luca Ferrari,2025-04-23,12:00,16:00
Chiara De Luca,2025-05-17,14:15,16:15
Elena Barbieri,2026-11-19,14:45,19:45
Davide Santoro,2026-12-07,18:00,20:00
Marco Rossi,2026-11-14,15:00,18:00
Daniele Gatti,2025-02-05,14:30,15:30
Matteo Greco,2025-06-05,17:30,18:30
Roberto Palmieri,2026-03-17,18:45,20:00
Giulia Romano,2025-03-09,17:45,20:00
Roberto Palmieri,2026-09-04,18:15,20:15
Matteo Greco,2025-03-17,15:45,20:00
Sofia Bianchi,2026-11-08,08:45,10:45
Francesco Rizzo,2025-12-31,11:15,15:15
Alessia Marino,2026-12-25,15:00,20:00
Roberto Palmieri,2025-02-18,08:30,11:30
Elisabetta Ferrara,2026-04-16,12:15,17:15
Daniele Gatti,2026-05-21,17:15,20:00
Alessia Marino,2025-04-17,09:30,10:30
Laura Messina,2025-11-26,18:00,20:00
Simone Villa,2026-11-24,18:00,19:00
Giulia Romano,2026-07-21,08:45,12:45
Elisabetta Ferrara,2026-12-24,16:45,18:45
Marco Rossi,2026-11-04,12:15,15:15
Valentina Moretti,2026-05-13,15:15,18:15
Simone Villa,2026-02-05,10:30,14:30
Davide Santoro,2025-08-03,09:30,10:30
Daniele Gatti,2025-05-20,17:30,20:00
Giulia Romano,2025-09-18,08:30,16:30
Elena Barbieri,2025-07-24,11:45,19:45
Elena Barbieri,2025-11-10,10:30,11:30
Luca Ferrari,2026-09-06,17:45,18:45
Laura Messina,2025-05-15,15:15,18:15
Matteo Greco,2026-01-03,14:30,15:30
Alessia Marino,2026-05-10,12:45,18:45
Elena Barbieri,2026-09-18,11:45,18:45
Silvia Martini,2026-02-03,09:00,15:00
Antonio Leone,2025-04-19,15:30,18:30
Alessia Marino,2025-11-25,10:30,18:30
Roberto Palmieri,2026-07-26,09:45,10:45
Roberto Palmieri,2026-12-24,09:00,14:00
Daniele Gatti,2025-08-23,13:30,16:30
Francesco Rizzo,2026-06-18,13:45,20:00
Silvia Martini,2025-03-18,14:15,20:00
Davide Santoro,2026-10-12,16:00,19:00
Valentina Moretti,2026-08-21,16:30,19:30
Laura Messina,2026-05-30,12:00,18:00
Luca Ferrari,2025-05-06,11:15,15:15
Marco Rossi,2025-12-12,14:45,20:45
Elena Barbieri,2026-01-22,14:30,18:30
Elena Barbieri,2025-05-19,18:45,20:00
Sofia Bianchi,2025-08-29,11:15,13:15
Chiara De Luca,2026-12-12,09:15,16:15
Anna Serra,2025-10-02,09:15,16:15
Daniele Gatti,2026-09-04,11:00,19:00
Daniele Gatti,2025-07-07,08:45,13:45
Valentina Moretti,2025-08-01,08:15,16:15
Anna Serra,2026-04-29,15:45,20:45
Luca Ferrari,2025-09-06,12:30,13:30
Andrea Conti,2026-03-06,17:15,18:15
Anna Serra,2025-11-25,11:15,18:15
Matteo Greco,2025-04-05,09:30,17:30
Francesco Rizzo,2026-05-01,14:15,15:15
Daniele Gatti,2026-03-31,18:15,20:00
Matteo Greco,2025-06-01,11:30,19:30
Elisabetta Ferrara,2025-02-14,16:00,20:00
Alessia Marino,2025-09-19,12:45,19:45
Francesco Rizzo,2026-01-18,16:30,20:00
Elisabetta Ferrara,2026-03-22,09:45,13:45
Elena Barbieri,2025-04-24,17:00,20:00
Valentina Moretti,2026-09-05,08:45,10:45
Giulia Romano,2026-02-25,16:00,20:00
Francesco Rizzo,2025-10-28,13:45,14:45
Francesco Rizzo,2025-10-25,08:30,15:30
Silvia Martini,2025-04-08,12:30,18:30
Alessia Marino,2025-04-22,18:45,20:00
Chiara De Luca,2026-05-05,08:00,10:00
Laura Messina,2025-03-19,12:15,14:15
Daniele Gatti,2026-01-09,13:15,16:15
Antonio Leone,2025-11-18,09:45,13:45
Luca Ferrari,2026-09-22,15:15,19:15
Davide Santoro,2026-04-22,17:15,18:15
Alessia Marino,2025-12-28,08:30,14:30
Laura Messina,2025-02-20,11:15,14:15
Matteo Greco,2025-05-25,14:30,20:00
Valentina Moretti,2025-02-24,18:00,19:00
Chiara De Luca,2026-08-30,09:30,15:30
Laura Messina,2025-12-12,17:30,19:30
Luca Ferrari,2025-10-05,15:15,19:15
Giulia Romano,2026-04-08,14:15,20:15
Silvia Martini,2025-04-24,13:00,15:00
Sofia Bianchi,2026-12-13,10:15,16:15
Laura Messina,2025-02-19,11:15,19:15
Sofia Bianchi,2025-01-29,12:15,15:15
Francesco Rizzo,2026-04-06,13:00,16:00
Antonio Leone,2025-10-11,16:30,18:30
Francesco Rizzo,2026-04-01,13:15,17:15
Silvia Martini,2025-03-05,14:00,16:00
Simone Villa,2025-03-02,08:15,11:15
Antonio Leone,2025-08-14,15:00,20:00
Davide Santoro,2025-07-02,08:15,14:15
Antonio Leone,2026-09-12,13:00,16:00
Chiara De Luca,2026-03-16,15:15,16:15
Simone Villa,2025-01-05,15:15,20:00
Elena Barbieri,2025-03-18,14:15,20:00
Silvia Martini,2026-06-14,10:00,14:00
Chiara De Luca,2026-05-10,10:30,17:30
Antonio Leone,2025-10-25,12:30,13:30
Andrea Conti,2026-04-02,17:45,20:00
Roberto Palmieri,2026-03-14,15:45,20:45
Marco Rossi,2026-07-09,08:30,14:30
Daniele Gatti,2026-11-16,16:00,20:00
Marco Rossi,2025-09-26,12:30,17:30
Sofia Bianchi,2026-08-19,14:30,18:30
Anna Serra,2026-05-28,10:45,11:45
Antonio Leone,2025-07-23,13:45,18:45
Giulia Romano,2025-09-30,17:30,20:00
Luca Ferrari,2026-04-13,14:45,20:00
Anna Serra,2025-03-29,08:45,10:45
Daniele Gatti,2025-09-15,17:00,20:00
Andrea Conti,2025-03-15,12:15,16:15
Anna Serra,2026-10-29,15:45,18:45
Roberto Palmieri,2025-03-21,11:00,13:00
Davide Santoro,2025-06-15,09:45,11:45
Elisabetta Ferrara,2026-11-29,13:30,16:30
Marco Rossi,2026-08-15,18:30,20:00
Roberto Palmieri,2025-09-06,17:30,20:00
Alessia Marino,2026-12-27,10:45,16:45
Silvia Martini,2025-10-19,16:45,17:45
Sofia Bianchi,2025-07-19,16:30,20:00
Elena Barbieri,2025-07-16,08:00,16:00
Anna Serra,2025-06-18,11:45,15:45
Daniele Gatti,2026-10-20,13:15,18:15
Silvia Martini,2025-07-04,10:00,16:00
Elena Barbieri,2025-04-19,18:15,20:00
Alessia Marino,2025-09-03,16:30,20:00
Antonio Leone,2026-09-17,12:15,13:15
Daniele Gatti,2025-05-16,15:00,16:00
Chiara De Luca,2025-08-13,16:15,20:00
Chiara De Luca,2026-02-02,10:00,17:00
Silvia Martini,2025-03-02,12:00,18:00
Alessia Marino,2025-11-06,18:45,20:00
Marco Rossi,2026-01-09,10:30,16:30
Elisabetta Ferrara,2025-02-08,17:15,20:00
Roberto Palmieri,2025-06-27,16:30,20:00
Simone Villa,2026-07-07,16:30,20:00
Elisabetta Ferrara,2026-07-17,08:15,16:15
Francesco Rizzo,2026-02-07,17:45,19:45
Francesco Rizzo,2025-07-22,09:30,12:30
Davide Santoro,2026-01-30,14:00,16:00
Luca Ferrari,2026-02-20,09:00,10:00
Luca Ferrari,2026-10-23,14:30,20:00
Andrea Conti,2025-07-22,15:15,20:00
Laura Messina,2026-12-18,12:45,17:45
Valentina Moretti,2026-11-07,12:30,19:30
Luca Ferrari,2025-08-06,14:45,20:00
Simone Villa,2026-07-11,12:15,15:15
Elena Barbieri,2026-02-17,10:30,14:30
Simone Villa,2025-05-08,18:15,20:00
Antonio Leone,2026-09-02,14:45,17:45
Roberto Palmieri,2026-06-13,13:00,17:00
Antonio Leone,2026-02-01,11:30,13:30
Sofia Bianchi,2025-05-01,08:45,09:45
Simone Villa,2026-10-12,17:15,20:00
Giulia Romano,2025-07-12,18:00,20:00
Davide Santoro,2025-05-27,16:15,18:15
Sofia Bianchi,2025-06-27,15:45,20:00
Francesco Rizzo,2025-09-30,17:15,20:00
Valentina Moretti,2025-09-04,16:45,19:45
Daniele Gatti,2025-07-17,18:15,20:00
Francesco Rizzo,2026-03-17,12:15,18:15
Anna Serra,2025-03-12,16:15,17:15
Roberto Palmieri,2025-02-07,16:15,18:15
Silvia Martini,2026-06-26,11:30,12:30
Elisabetta Ferrara,2026-06-10,09:30,16:30
Valentina Moretti,2025-03-13,12:30,20:30
Alessia Marino,2026-06-09,18:15,20:00
Elisabetta Ferrara,2025-01-14,12:15,16:15
Chiara De Luca,2026-12-20,15:30,17:30
Giulia Romano,2026-12-11,16:30,20:00
Roberto Palmieri,2026-08-02,10:30,11:30
Elena Barbieri,2025-11-21,15:45,16:45
Elena Barbieri,2025-07-13,12:45,20:45
Sofia Bianchi,2026-10-02,16:45,18:45
Elisabetta Ferrara,2025-08-20,08:30,11:30
Luca Ferrari,2026-11-20,16:00,20:00
Anna Serra,2025-09-26,10:45,12:45
Elisabetta Ferrara,2026-06-09,11:00,15:00
Elisabetta Ferrara,2025-01-05,15:15,20:15
Elisabetta Ferrara,2026-04-22,14:15,20:00
Sofia Bianchi,2026-04-17,16:15,20:00
Laura Messina,2025-05-09,12:30,14:30
Laura Messina,2025-10-01,11:15,14:15
Antonio Leone,2025-11-06,17:45,20:45
Davide Santoro,2026-01-31,12:45,14:45
Daniele Gatti,2025-11-25,18:15,20:00
Chiara De Luca,2025-09-18,11:45,16:45
Valentina Moretti,2025-04-09,16:00,17:00
Daniele Gatti,2025-01-05,17:00,20:00
Elisabetta Ferrara,2025-02-23,08:45,09:45
Simone Villa,2026-04-18,12:00,14:00
Giulia Romano,2025-09-29,17:00,20:00
Valentina Moretti,2025-09-21,17:00,18:00
Francesco Rizzo,2026-10-06,18:45,19:45
Elena Barbieri,2026-09-26,16:00,17:00
Francesco Rizzo,2026-05-01,16:15,20:00
Sofia Bianchi,2025-04-01,17:30,19:30
Elisabetta Ferrara,2026-01-26,11:15,19:15
Valentina Moretti,2025-10-26,13:45,15:45
Silvia Martini,2025-01-14,10:15,17:15
Roberto Palmieri,2026-01-12,11:15,19:15
Daniele Gatti,2026-06-05,08:30,11:30
Roberto Palmieri,2026-01-30,12:00,17:00
Marco Rossi,2026-08-16,16:00,19:00
Francesco Rizzo,2025-05-06,11:30,13:30
Davide Santoro,2026-04-21,18:45,20:00
Roberto Palmieri,2026-03-02,16:45,18:45
Anna Serra,2025-12-24,09:15,15:15
Roberto Palmieri,2025-06-18,08:00,09:00
Sofia Bianchi,2026-11-13,18:00,20:00
Anna Serra,2026-09-09,15:00,20:00
Roberto Palmieri,2025-12-20,14:30,20:00
Luca Ferrari,2026-04-16,13:00,20:00
Alessia Marino,2025-06-29,15:00,17:00
Sofia Bianchi,2026-09-16,10:45,16:45
Anna Serra,2026-09-25,15:30,18:30
Simone Villa,2025-06-22,08:45,15:45
Chiara De Luca,2026-08-28,16:00,17:00
Laura Messina,2026-05-17,17:15,20:15
Luca Ferrari,2025-03-30,08:00,12:00
Andrea Conti,2026-11-24,15:30,20:00
Sofia Bianchi,2026-05-05,09:30,10:30
Simone Villa,2026-05-22,09:15,16:15
Marco Rossi,2026-07-27,13:15,18:15
Laura Messina,2025-05-08,09:15,10:15
Sofia Bianchi,2026-08-11,13:15,17:15
Marco Rossi,2026-01-06,15:45,16:45
Daniele Gatti,2026-02-15,13:45,18:45
Silvia Martini,2025-06-24,09:00,11:00
Matteo Greco,2025-02-08,17:45,20:00
Valentina Moretti,2026-02-28,15:45,20:45
Luca Ferrari,2026-03-05,11:45,13:45
Marco Rossi,2026-03-13,15:15,20:00
Anna Serra,2026-10-05,17:45,20:00
Elisabetta Ferrara,2025-06-01,13:30,16:30
Daniele Gatti,2026-09-30,08:30,10:30
Laura Messina,2025-04-19,13:45,14:45
Luca Ferrari,2025-12-22,15:00,20:00
Giulia Romano,2026-10-31,13:30,16:30
Sofia Bianchi,2025-10-31,11:30,14:30
Andrea Conti,2026-01-26,11:30,16:30
Anna Serra,2025-03-28,12:15,20:15
Valentina Moretti,2025-06-28,12:15,14:15
Silvia Martini,2025-05-01,11:30,14:30
Alessia Marino,2026-05-14,13:00,17:00
Laura Messina,2025-04-04,10:45,18:45
Chiara De Luca,2025-05-22,10:00,12:00
Matteo Greco,2025-01-21,12:15,16:15
Chiara De Luca,2025-09-19,15:45,19:45
Alessia Marino,2025-10-23,16:15,17:15
Valentina Moretti,2026-09-14,18:30,20:00
Antonio Leone,2026-11-11,13:45,19:45
Davide Santoro,2026-06-06,09:00,16:00
Sofia Bianchi,2025-03-06,16:30,20:00
Francesco Rizzo,2026-09-18,09:00,16:00
Andrea Conti,2025-06-13,08:15,16:15
Simone Villa,2025-04-26,11:00,13:00
Antonio Leone,2025-10-14,09:15,11:15
Giulia Romano,2025-11-01,12:30,17:30
Andrea Conti,2025-01-02,11:15,15:15
Silvia Martini,2025-03-06,17:15,20:00
Davide Santoro,2026-07-03,12:00,15:00
Roberto Palmieri,2026-03-01,10:45,13:45
Anna Serra,2026-12-03,11:45,16:45
Daniele Gatti,2025-02-20,14:00,20:00
Antonio Leone,2025-03-25,12:45,14:45
Alessia Marino,2026-10-05,13:00,18:00
Daniele Gatti,2025-09-21,13:00,20:00
Elena Barbieri,2026-01-28,08:30,12:30
Matteo Greco,2026-09-16,15:15,20:00
Luca Ferrari,2026-05-21,08:00,12:00
Roberto Palmieri,2026-04-04,08:00,10:00
Elena Barbieri,2025-11-29,11:00,17:00
Daniele Gatti,2025-09-17,14:15,20:15
Elena Barbieri,2025-09-12,14:15,17:15
Luca Ferrari,2025-12-05,16:15,20:00
Elena Barbieri,2026-10-16,08:45,16:45
Davide Santoro,2026-05-03,15:00,20:00
Matteo Greco,2025-08-09,16:00,17:00
Laura Messina,2026-03-12,18:45,20:45
Elisabetta Ferrara,2026-01-23,08:00,09:00
Anna Serra,2025-06-26,17:45,20:00
Antonio Leone,2026-10-18,18:45,20:00
Chiara De Luca,2026-01-07,11:15,12:15
Marco Rossi,2025-09-23,15:00,20:00
Chiara De Luca,2026-12-21,14:00,19:00
Anna Serra,2026-08-01,18:15,20:00
Elena Barbieri,2026-09-23,16:45,17:45
Antonio Leone,2026-03-30,11:45,13:45
Elisabetta Ferrara,2025-11-08,15:00,19:00
Alessia Marino,2026-02-17,13:30,20:00
Silvia Martini,2026-07-15,18:45,20:00
Matteo Greco,2026-06-18,11:30,15:30
Matteo Greco,2025-08-22,14:45,20:00
Anna Serra,2026-06-02,18:00,20:00
Silvia Martini,2026-11-20,18:00,20:00
Daniele Gatti,2025-10-12,11:00,14:00
Silvia Martini,2025-02-09,13:00,17:00
Anna Serra,2026-03-27,11:45,12:45
Daniele Gatti,2026-03-18,11:00,18:00
Chiara De Luca,2025-01-16,14:00,18:00
Chiara De Luca,2026-04-09,10:45,16:45
Francesco Rizzo,2026-12-25,08:15,16:15
Davide Santoro,2026-08-25,10:15,12:15
Francesco Rizzo,2025-08-16,13:00,20:00
Alessia Marino,2026-06-05,15:45,20:45
Elisabetta Ferrara,2025-08-14,15:30,20:00
Francesco Rizzo,2025-05-14,10:15,17:15
Elena Barbieri,2025-10-17,17:30,20:00
Elisabetta Ferrara,2026-01-24,14:15,18:15
Davide Santoro,2025-07-22,15:15,18:15
Simone Villa,2026-01-20,12:15,20:15
Laura Messina,2025-10-03,13:15,18:15
Marco Rossi,2026-06-14,14:30,20:00
Elisabetta Ferrara,2026-10-23,13:00,18:00
Chiara De Luca,2026-03-24,08:45,13:45
Marco Rossi,2025-10-05,15:00,20:00
Alessia Marino,2025-04-12,09:15,13:15
Chiara De Luca,2025-03-23,10:45,18:45
Giulia Romano,2026-10-12,09:45,17:45
Daniele Gatti,2026-12-28,18:00,20:00
Silvia Martini,2026-06-01,18:00,19:00
Anna Serra,2026-05-09,18:45,20:00
Antonio Leone,2026-05-04,12:00,14:00
Simone Villa,2025-08-11,17:00,20:00
Antonio Leone,2026-04-26,15:00,20:00
Davide Santoro,2026-07-02,15:30,20:30
Elena Barbieri,2026-06-11,18:15,20:00
Chiara De Luca,2025-05-06,09:45,15:45
Matteo Greco,2025-11-26,11:15,14:15
Giulia Romano,2025-09-12,09:15,17:15
Elena Barbieri,2026-11-02,15:30,20:00
Simone Villa,2025-05-12,09:30,15:30
Antonio Leone,2025-11-20,16:45,20:45
Valentina Moretti,2026-08-26,10:30,17:30
Elisabetta Ferrara,2026-07-20,09:15,16:15
Simone Villa,2025-09-30,08:30,13:30
Giulia Romano,2025-05-03,15:45,17:45
Valentina Moretti,2026-05-04,08:15,12:15
Marco Rossi,2026-07-06,10:30,15:30
Elisabetta Ferrara,2025-12-20,15:30,20:00
Andrea Conti,2026-06-30,18:15,20:00
Matteo Greco,2026-04-15,12:30,18:30
Laura Messina,2026-04-09,15:45,17:45
Elisabetta Ferrara,2025-02-11,18:15,20:00
Sofia Bianchi,2025-08-13,10:45,15:45
Davide Santoro,2025-01-14,18:30,20:00
Chiara De Luca,2025-11-06,14:45,20:45
Elisabetta Ferrara,2026-02-09,12:00,17:00
Chiara De Luca,2025-06-26,16:15,20:15
Chiara De Luca,2025-12-16,08:15,15:15
Alessia Marino,2025-09-15,15:45,20:45
Luca Ferrari,2026-06-23,14:30,17:30
Antonio Leone,2025-08-28,14:30,20:30
Matteo Greco,2025-06-10,12:15,18:15
Anna Serra,2025-03-14,09:45,13:45
Laura Messina,2026-01-20,13:00,18:00
Luca Ferrari,2026-08-17,15:45,20:00
Laura Messina,2026-07-02,12:00,20:00
Alessia Marino,2025-09-06,08:45,14:45
Luca Ferrari,2026-06-11,09:15,14:15
Silvia Martini,2026-05-25,16:45,18:45
Roberto Palmieri,2026-01-21,13:00,20:00
Giulia Romano,2026-07-05,16:45,18:45
Anna Serra,2025-11-20,18:15,20:15
Roberto Palmieri,2026-09-25,17:00,20:00
Matteo Greco,2026-03-25,09:15,14:15
Elisabetta Ferrara,2026-03-30,14:15,17:15
Alessia Marino,2025-05-25,12:30,19:30
Andrea Conti,2026-08-07,15:30,16:30
Silvia Martini,2026-02-06,13:45,16:45
Elisabetta Ferrara,2026-05-20,12:00,19:00
Elena Barbieri,2025-10-25,08:15,16:15
Andrea Conti,2026-08-18,10:15,13:15
Alessia Marino,2026-01-15,12:45,17:45
Valentina Moretti,2025-11-22,09:45,10:45
Marco Rossi,2025-02-20,18:30,20:00
Sofia Bianchi,2026-10-29,11:45,18:45
Alessia Marino,2026-04-24,17:30,20:00
Alessia Marino,2025-01-21,18:30,20:00
Giulia Romano,2026-03-07,10:45,16:45
Antonio Leone,2026-11-28,14:45,18:45
Alessia Marino,2026-01-02,12:30,19:30
Valentina Moretti,2025-03-25,10:00,12:00
Luca Ferrari,2025-07-28,12:00,18:00
Sofia Bianchi,2026-10-17,12:15,15:15
Davide Santoro,2025-06-29,08:00,14:00
Elena Barbieri,2026-09-15,13:45,17:45
Andrea Conti,2025-01-16,11:30,17:30
Roberto Palmieri,2026-01-17,09:45,12:45
Daniele Gatti,2026-08-29,15:15,20:15
Andrea Conti,2026-10-23,14:30,20:30
Andrea Conti,2026-07-12,12:15,18:15
Silvia Martini,2026-09-05,13:45,20:00
Roberto Palmieri,2026-03-14,18:45,20:00
Laura Messina,2025-07-08,17:45,20:00
Roberto Palmieri,2025-01-10,11:45,19:45
Silvia Martini,2025-07-16,16:30,20:00
Francesco Rizzo,2026-09-03,12:30,19:30
Elisabetta Ferrara,2025-03-22,09:45,15:45
Silvia Martini,2025-06-11,13:15,19:15
Valentina Moretti,2026-02-24,08:00,16:00
Valentina Moretti,2026-05-21,15:15,18:15
Silvia Martini,2025-03-13,15:15,16:15
Davide Santoro,2026-10-14,18:15,20:00
Sofia Bianchi,2025-10-13,11:00,17:00
Roberto Palmieri,2026-07-11,16:45,18:45
Laura Messina,2025-02-16,14:30,20:00
Sofia Bianchi,2026-01-23,14:15,16:15
Matteo Greco,2026-05-22,17:15,20:00
Daniele Gatti,2025-04-22,08:30,11:30
Chiara De Luca,2026-02-12,08:15,14:15
Andrea Conti,2026-10-13,16:45,19:45
Alessia Marino,2025-01-09,18:15,19:15
Antonio Leone,2026-05-31,12:45,13:45
Elena Barbieri,2025-05-01,10:30,15:30
Andrea Conti,2026-02-21,13:00,16:00
Francesco Rizzo,2026-09-15,09:45,16:45
Silvia Martini,2025-07-20,14:00,20:00
Daniele Gatti,2026-12-30,18:45,20:00
Valentina Moretti,2026-09-22,16:00,19:00
Elena Barbieri,2025-06-13,12:00,16:00
Antonio Leone,2026-09-21,15:00,16:00
Roberto Palmieri,2025-03-05,14:30,15:30
Elena Barbieri,2026-09-05,17:45,20:00
Matteo Greco,2025-05-16,12:00,17:00
Sofia Bianchi,2026-02-11,09:00,17:00
Davide Santoro,2025-03-24,12:15,19:15
Elena Barbieri,2025-03-26,17:45,20:45
Simone Villa,2025-07-22,15:45,20:45
Elisabetta Ferrara,2026-06-24,13:00,19:00
Laura Messina,2025-05-25,10:00,17:00
Chiara De Luca,2025-08-13,12:15,14:15
Simone Villa,2026-01-01,09:45,16:45
Antonio Leone,2026-10-26,15:30,16:30
Giulia Romano,2025-11-22,12:45,14:45
Silvia Martini,2026-03-21,09:00,17:00
Elena Barbieri,2025-06-09,13:15,16:15
Antonio Leone,2025-03-04,16:45,19:45
Simone Villa,2026-03-17,11:15,14:15
Francesco Rizzo,2026-09-02,18:00,20:00
Valentina Moretti,2025-09-09,18:45,20:00
Silvia Martini,2026-08-26,11:45,18:45
Matteo Greco,2026-09-17,14:30,20:30
Matteo Greco,2025-11-15,15:30,16:30
Laura Messina,2025-02-05,17:00,20:00
Roberto Palmieri,2026-03-01,18:15,20:15
Silvia Martini,2026-12-04,17:00,20:00
Valentina Moretti,2025-03-10,09:45,16:45
Alessia Marino,2026-12-04,12:45,20:45
Antonio Leone,2026-08-28,08:15,14:15
Luca Ferrari,2026-10-04,12:00,15:00
Marco Rossi,2025-09-09,13:30,16:30
Elena Barbieri,2025-01-29,14:00,16:00
Francesco Rizzo,2026-04-20,12:45,15:45
Daniele Gatti,2026-01-21,18:00,19:00
Anna Serra,2026-11-13,13:30,16:30
Marco Rossi,2025-08-16,15:00,20:00
Silvia Martini,2025-02-03,09:45,13:45
Chiara De Luca,2025-05-27,11:30,18:30
Elena Barbieri,2026-12-01,18:45,20:00
Roberto Palmieri,2026-04-07,13:15,14:15
Matteo Greco,2026-08-31,17:15,20:00
Elisabetta Ferrara,2026-04-23,15:30,17:30
Roberto Palmieri,2025-10-12,13:30,14:30
Silvia Martini,2025-03-22,10:00,15:00
Anna Serra,2026-12-17,18:45,20:00
Simone Villa,2025-09-18,18:00,19:00
Silvia Martini,2026-10-26,08:15,15:15
Giulia Romano,2026-07-21,12:30,20:30
Antonio Leone,2025-05-10,10:00,15:00
Silvia Martini,2026-06-12,16:30,20:00
Laura Messina,2025-07-16,15:15,19:15
Simone Villa,2025-03-26,14:30,15:30
Giulia Romano,2025-02-03,15:15,18:15
Antonio Leone,2026-04-13,12:45,16:45
Daniele Gatti,2026-01-15,12:15,16:15
Elena Barbieri,2026-11-12,13:15,19:15
Roberto Palmieri,2025-10-30,11:30,17:30
Giulia Romano,2026-04-07,11:15,18:15
Daniele Gatti,2026-01-20,13:45,19:45
Valentina Moretti,2026-08-03,17:15,20:00
Davide Santoro,2026-08-09,15:15,20:00
Elisabetta Ferrara,2025-02-17,16:45,20:00
Sofia Bianchi,2026-07-13,09:30,12:30
Andrea Conti,2026-01-18,16:15,20:00
Sofia Bianchi,2026-09-20,10:30,12:30
Valentina Moretti,2026-09-30,18:15,19:15
Roberto Palmieri,2025-04-29,18:30,20:00
Andrea Conti,2026-09-12,09:30,11:30
Francesco Rizzo,2025-12-30,13:45,16:45
Davide Santoro,2026-11-25,10:15,13:15
Roberto Palmieri,2025-08-08,17:45,20:00
Roberto Palmieri,2025-05-09,13:15,16:15
Roberto Palmieri,2025-08-01,14:00,20:00
Andrea Conti,2026-06-28,10:15,15:15
Roberto Palmieri,2025-08-11,08:15,13:15
Andrea Conti,2026-05-13,09:45,11:45
Laura Messina,2025-01-22,10:30,12:30
Silvia Martini,2026-03-29,10:45,11:45
Sofia Bianchi,2026-09-06,08:30,12:30
Anna Serra,2025-11-19,08:30,12:30
Antonio Leone,2025-06-28,13:30,20:30
Marco Rossi,2026-01-03,09:30,10:30
Marco Rossi,2026-02-25,15:00,20:00
Chiara De Luca,2025-04-05,11:15,12:15
Anna Serra,2026-12-28,18:45,20:00
Andrea Conti,2026-08-07,14:00,20:00
Marco Rossi,2026-01-08,13:30,14:30
Elena Barbieri,2025-03-31,18:00,19:00
Daniele Gatti,2026-04-26,17:00,20:00
Francesco Rizzo,2025-05-28,11:00,14:00
Elisabetta Ferrara,2026-10-08,17:00,20:00
Elena Barbieri,2025-04-01,13:00,20:00
Marco Rossi,2026-01-01,17:45,20:00
Antonio Leone,2026-02-11,16:00,19:00
Marco Rossi,2025-01-16,08:00,16:00
Chiara De Luca,2025-06-02,12:00,19:00
Elena Barbieri,2025-01-15,11:45,19:45
Elisabetta Ferrara,2026-06-13,09:15,15:15
Giulia Romano,2025-02-03,08:30,13:30
Anna Serra,2025-09-11,12:15,14:15
Luca Ferrari,2026-04-27,14:45,15:45
Simone Villa,2026-11-24,13:00,16:00
Marco Rossi,2026-10-23,17:30,20:30
Laura Messina,2026-10-01,11:00,15:00
Chiara De Luca,2025-01-05,10:15,11:15
Chiara De Luca,2026-07-21,13:45,20:45
Laura Messina,2025-03-14,09:30,12:30
Sofia Bianchi,2025-05-22,14:15,20:00
Silvia Martini,2025-01-26,12:15,15:15
Matteo Greco,2025-08-20,10:15,11:15
Luca Ferrari,2025-06-19,12:00,20:00
Roberto Palmieri,2025-12-21,18:45,20:45
Andrea Conti,2026-01-21,12:00,13:00
Elisabetta Ferrara,2026-01-07,10:00,18:00
Francesco Rizzo,2026-02-27,18:15,20:00
Francesco Rizzo,2025-01-27,14:45,15:45
Alessia Marino,2025-08-12,09:30,13:30
Valentina Moretti,2026-02-09,12:30,16:30
Sofia Bianchi,2026-11-14,13:30,20:30
Giulia Romano,2025-08-25,10:00,16:00
Davide Santoro,2025-09-23,12:15,20:15
Davide Santoro,2026-12-16,13:45,19:45
Valentina Moretti,2025-08-24,16:45,20:45
Anna Serra,2025-06-19,11:00,19:00
Anna Serra,2025-10-09,10:30,17:30
Silvia Martini,2026-04-23,17:15,20:00
Simone Villa,2025-06-11,09:45,15:45
Roberto Palmieri,2025-01-18,15:00,20:00
Davide Santoro,2025-09-25,13:30,16:30
Luca Ferrari,2025-12-14,16:15,19:15
Giulia Romano,2026-11-16,08:15,15:15
Chiara De Luca,2025-05-05,16:45,18:45
Davide Santoro,2025-04-06,09:00,12:00
Anna Serra,2025-12-01,16:30,20:00
Anna Serra,2026-02-28,12:45,16:45
Simone Villa,2026-08-15,09:00,11:00
Davide Santoro,2026-03-22,09:00,15:00
Laura Messina,2026-09-23,13:30,15:30
Alessia Marino,2025-11-11,08:45,11:45
Matteo Greco,2025-05-08,10:00,13:00
Valentina Moretti,2026-10-10,17:45,20:00
Andrea Conti,2025-06-27,14:30,19:30
Andrea Conti,2026-04-09,18:15,20:00
Alessia Marino,2025-09-24,17:00,20:00
Daniele Gatti,2026-03-29,08:30,14:30
Simone Villa,2025-03-05,16:00,20:00
Sofia Bianchi,2025-03-01,18:15,20:00
Anna Serra,2026-07-28,18:45,20:00
Sofia Bianchi,2025-01-29,10:15,12:15
Andrea Conti,2026-04-09,10:00,13:00
Laura Messina,2026-08-07,17:30,20:00
Roberto Palmieri,2026-02-06,14:15,19:15
Giulia Romano,2025-02-26,12:15,19:15
Chiara De Luca,2025-02-15,11:30,15:30
Chiara De Luca,2026-05-17,09:30,12:30
Giulia Romano,2025-06-10,16:30,20:00
Roberto Palmieri,2025-01-09,16:45,19:45
Francesco Rizzo,2026-11-22,16:00,20:00
Andrea Conti,2025-10-07,10:45,17:45
Elisabetta Ferrara,2025-10-22,12:00,19:00
Giulia Romano,2026-10-20,15:45,20:00
Elena Barbieri,2026-05-17,11:30,16:30
Roberto Palmieri,2026-09-02,17:15,20:00
Elisabetta Ferrara,2025-02-12,17:00,20:00
Elisabetta Ferrara,2025-06-23,11:45,16:45
Matteo Greco,2026-09-13,15:15,18:15
Marco Rossi,2026-12-03,14:45,16:45
Matteo Greco,2025-05-03,11:00,15:00
Sofia Bianchi,2026-12-24,10:30,15:30
Andrea Conti,2026-06-05,10:30,17:30
Giulia Romano,2026-08-03,09:45,11:45
Silvia Martini,2025-01-03,16:00,20:00
Antonio Leone,2026-05-18,17:45,20:00
Simone Villa,2025-05-26,17:15,20:00
Roberto Palmieri,2025-06-14,17:45,20:45
Anna Serra,2025-09-07,14:00,20:00
Giulia Romano,2026-11-12,12:00,14:00
Luca Ferrari,2026-09-22,13:15,15:15
Sofia Bianchi,2026-08-24,17:15,20:00
Matteo Greco,2025-09-20,09:15,10:15
Elena Barbieri,2026-03-16,15:00,19:00
Anna Serra,2026-12-18,16:00,20:00
Alessia Marino,2025-11-01,14:00,15:00
Anna Serra,2026-01-11,16:15,20:00
Daniele Gatti,2026-12-17,12:45,14:45
Matteo Greco,2025-10-06,09:45,12:45
Giulia Romano,2025-01-20,09:00,12:00
Andrea Conti,2026-05-27,16:15,19:15
Matteo Greco,2025-12-11,15:00,20:00
Elena Barbieri,2025-01-01,11:15,13:15
Anna Serra,2025-01-05,16:00,20:00
Simone Villa,2026-08-19,17:15,19:15
Marco Rossi,2026-01-29,09:30,10:30
Giulia Romano,2025-08-13,14:00,20:00
Antonio Leone,2026-01-26,14:45,20:45
Chiara De Luca,2025-01-06,09:00,14:00
Francesco Rizzo,2025-05-26,10:30,11:30
Laura Messina,2026-07-12,09:00,11:00
Daniele Gatti,2025-08-04,11:00,15:00
Silvia Martini,2025-09-14,10:15,16:15
Davide Santoro,2026-03-21,12:45,13:45
Daniele Gatti,2026-07-25,15:15,19:15
Giulia Romano,2026-09-30,16:45,18:45
Elena Barbieri,2026-07-17,15:45,19:45
Davide Santoro,2025-09-05,12:00,18:00
Elena Barbieri,2025-06-02,13:45,18:45
Laura Messina,2026-07-28,15:30,17:30
Luca Ferrari,2025-09-08,11:15,14:15
Elena Barbieri,2026-12-30,13:30,18:30
Matteo Greco,2026-02-12,11:15,18:15
Valentina Moretti,2026-11-16,13:30,14:30
Andrea Conti,2026-07-18,08:15,15:15
Valentina Moretti,2025-07-29,18:30,20:00
Roberto Palmieri,2026-05-25,18:30,20:00
Giulia Romano,2026-04-06,17:45,20:00
Silvia Martini,2025-12-15,08:45,14:45
Elisabetta Ferrara,2026-05-04,16:00,20:00
Anna Serra,2025-05-16,15:15,17:15
Silvia Martini,2025-03-27,12:45,13:45
Silvia Martini,2026-09-10,09:45,16:45
Laura Messina,2025-01-14,14:45,19:45
Chiara De Luca,2025-07-04,18:45,20:45
Davide Santoro,2026-03-08,17:45,20:00
Elena Barbieri,2025-12-04,15:30,19:30
Daniele Gatti,2026-05-16,15:30,20:30
Antonio Leone,2025-10-19,12:30,20:30
Silvia Martini,2025-12-30,18:15,19:15
Chiara De Luca,2026-12-11,09:45,16:45
Elisabetta Ferrara,2025-05-18,12:00,17:00
Luca Ferrari,2026-03-22,16:00,20:00
Matteo Greco,2026-06-17,13:15,19:15
Davide Santoro,2026-11-27,10:00,17:00
Francesco Rizzo,2026-09-30,17:45,20:00
Francesco Rizzo,2026-03-13,09:30,12:30
Marco Rossi,2025-03-03,13:15,19:15
Andrea Conti,2026-07-30,10:00,16:00
Elisabetta Ferrara,2026-05-01,17:00,20:00
Daniele Gatti,2026-11-04,11:15,14:15
Luca Ferrari,2026-07-10,12:30,14:30
Chiara De Luca,2026-09-12,12:30,19:30
Matteo Greco,2026-09-26,18:30,20:00
Matteo Greco,2025-02-18,13:45,20:45
Valentina Moretti,2025-03-18,13:45,16:45
Elena Barbieri,2025-09-29,11:30,15:30
Marco Rossi,2025-08-08,15:15,20:00
Daniele Gatti,2025-12-23,10:45,16:45
Silvia Martini,2026-01-28,10:30,15:30
Andrea Conti,2025-07-22,09:15,15:15
Daniele Gatti,2026-04-17,18:00,20:00
Roberto Palmieri,2026-07-17,10:30,13:30
Giulia Romano,2026-01-16,09:45,16:45
Antonio Leone,2026-05-16,17:45,20:00
Silvia Martini,2026-06-03,14:15,18:15
Matteo Greco,2026-05-28,13:00,18:00
Roberto Palmieri,2025-10-24,17:30,20:00
Simone Villa,2026-08-14,08:15,15:15
Roberto Palmieri,2025-06-23,08:30,15:30
Laura Messina,2025-04-09,12:15,20:15
Elena Barbieri,2026-05-23,18:45,20:00
Elisabetta Ferrara,2026-06-24,16:00,17:00
Daniele Gatti,2026-03-26,15:45,17:45
Andrea Conti,2026-10-01,15:45,19:45
Alessia Marino,2026-06-06,12:45,13:45
Davide Santoro,2025-02-10,14:15,20:15
Roberto Palmieri,2026-08-03,14:45,20:00
Valentina Moretti,2026-01-19,14:15,16:15
Giulia Romano,2026-09-04,18:45,20:00
Francesco Rizzo,2026-10-29,14:15,15:15
Roberto Palmieri,2025-05-19,14:00,20:00
Andrea Conti,2026-07-04,18:00,20:00
Antonio Leone,2025-10-02,18:00,20:00
Anna Serra,2026-10-16,18:45,20:00
Silvia Martini,2025-10-05,18:00,20:00
Matteo Greco,2025-01-14,17:45,18:45
Matteo Greco,2026-12-13,14:00,17:00
Chiara De Luca,2026-05-18,14:45,20:45
Sofia Bianchi,2026-05-14,16:30,20:00
Chiara De Luca,2026-10-05,14:30,18:30
Davide Santoro,2025-06-06,09:30,16:30
Marco Rossi,2025-06-09,13:00,19:00
Giulia Romano,2026-12-01,16:45,20:45
Davide Santoro,2026-07-18,17:30,20:00
Elisabetta Ferrara,2025-04-13,11:45,19:45
Daniele Gatti,2026-08-29,13:45,20:00
Alessia Marino,2026-08-12,13:45,14:45
Daniele Gatti,2025-11-09,14:00,17:00
Daniele Gatti,2025-01-27,13:30,16:30
Valentina Moretti,2026-01-06,14:45,20:45
Luca Ferrari,2025-03-09,17:30,20:30
Anna Serra,2026-01-29,12:15,20:15
Daniele Gatti,2025-02-09,09:45,12:45
Elisabetta Ferrara,2026-09-17,16:15,20:00
Francesco Rizzo,2025-08-22,15:45,20:00
Matteo Greco,2026-09-08,18:30,20:00
Daniele Gatti,2025-03-02,16:15,20:00
Elena Barbieri,2025-05-07,14:15,19:15
Davide Santoro,2025-05-24,18:15,20:00
Andrea Conti,2025-04-15,17:15,20:15
Laura Messina,2026-10-04,15:15,20:00
Elena Barbieri,2026-10-21,16:30,20:30
Valentina Moretti,2025-09-27,09:45,14:45
Andrea Conti,2025-12-06,16:15,20:00
Luca Ferrari,2025-11-11,12:45,20:45
Laura Messina,2026-11-05,08:15,16:15
Luca Ferrari,2026-09-03,18:45,20:00
Luca Ferrari,2025-02-12,18:45,20:00
Marco Rossi,2025-09-29,12:00,20:00
Davide Santoro,2025-12-31,13:00,20:00
Antonio Leone,2026-09-03,18:45,20:00
Davide Santoro,2025-11-28,10:30,18:30
Andrea Conti,2026-11-10,18:45,20:45
Simone Villa,2026-02-07,14:15,15:15
Francesco Rizzo,2026-06-18,09:30,14:30
Anna Serra,2026-03-10,16:00,20:00
Chiara De Luca,2025-01-04,18:15,20:00
Antonio Leone,2026-04-16,10:15,13:15
Davide Santoro,2026-02-14,12:15,18:15
Andrea Conti,2025-12-28,13:30,20:00
Alessia Marino,2025-11-22,12:15,14:15
Chiara De Luca,2026-04-09,15:15,18:15
Marco Rossi,2025-12-30,11:45,13:45
Antonio Leone,2026-09-16,17:30,19:30
Luca Ferrari,2025-09-05,16:30,19:30
Elisabetta Ferrara,2025-12-28,14:30,15:30
Antonio Leone,2025-05-15,08:45,13:45
Anna Serra,2026-06-18,08:30,13:30
Alessia Marino,2025-03-03,18:15,20:15
Elisabetta Ferrara,2026-04-07,14:45,18:45
Davide Santoro,2025-01-17,12:00,16:00
Elisabetta Ferrara,2026-11-03,17:45,19:45
Daniele Gatti,2026-07-05,13:00,17:00
Giulia Romano,2025-12-08,10:30,16:30
Alessia Marino,2026-02-24,09:45,10:45
Daniele Gatti,2025-01-30,12:00,15:00
Laura Messina,2025-05-27,11:15,16:15
Simone Villa,2025-05-07,12:15,14:15
Laura Messina,2025-08-31,15:15,18:15
Elena Barbieri,2025-07-25,17:00,18:00
Silvia Martini,2025-07-17,11:45,12:45
Luca Ferrari,2025-07-11,18:30,20:00
Daniele Gatti,2025-04-29,10:00,13:00
Luca Ferrari,2026-05-31,13:30,14:30
Marco Rossi,2026-04-16,08:30,16:30
Sofia Bianchi,2025-02-21,17:45,20:00
Chiara De Luca,2026-06-26,12:30,15:30
Daniele Gatti,2026-08-13,15:30,19:30
Marco Rossi,2025-10-10,09:30,11:30
Marco Rossi,2026-12-14,12:45,17:45
Giulia Romano,2026-10-17,11:45,14:45
Anna Serra,2025-10-11,15:30,20:00
Roberto Palmieri,2025-07-25,12:30,19:30
Antonio Leone,2026-04-21,11:45,12:45
Roberto Palmieri,2026-09-24,08:15,13:15
Antonio Leone,2026-07-08,15:00,16:00
Laura Messina,2025-11-23,12:45,13:45
Roberto Palmieri,2025-07-10,09:15,17:15
Sofia Bianchi,2025-05-07,09:30,11:30
Luca Ferrari,2025-11-19,08:15,15:15
Marco Rossi,2026-07-05,11:30,18:30
Laura Messina,2026-02-03,15:15,20:15
Elisabetta Ferrara,2026-07-14,11:30,13:30
Anna Serra,2025-07-11,08:45,11:45
Alessia Marino,2026-11-14,08:15,09:15
Roberto Palmieri,2025-10-31,11:00,16:00
Valentina Moretti,2026-02-01,11:45,14:45
Elena Barbieri,2025-12-10,08:45,10:45
Antonio Leone,2026-03-09,18:15,20:00
Luca Ferrari,2026-08-23,14:15,18:15
Daniele Gatti,2026-11-22,10:15,15:15
Andrea Conti,2025-12-07,15:15,20:00
Giulia Romano,2025-01-10,10:00,11:00
Laura Messina,2026-04-21,08:00,13:00
Francesco Rizzo,2026-08-06,12:00,16:00
Daniele Gatti,2026-09-03,16:45,20:00
Alessia Marino,2026-07-18,15:45,18:45
Roberto Palmieri,2026-08-10,14:15,20:15
Anna Serra,2026-09-13,17:15,19:15
Elena Barbieri,2026-09-25,15:15,20:00
Sofia Bianchi,2025-10-04,10:45,16:45
Luca Ferrari,2026-03-10,18:45,20:00
Simone Villa,2025-09-16,13:30,19:30
Antonio Leone,2026-08-31,09:00,10:00
Andrea Conti,2026-06-29,08:30,09:30
Simone Villa,2025-08-04,11:15,18:15
Matteo Greco,2026-05-15,15:00,20:00
Francesco Rizzo,2025-03-01,18:30,20:00
Anna Serra,2026-02-23,17:30,20:30
Antonio Leone,2026-04-09,08:00,11:00
Roberto Palmieri,2025-12-31,15:30,16:30
Alessia Marino,2025-04-24,09:00,12:00
Valentina Moretti,2025-03-26,12:45,13:45
Chiara De Luca,2025-08-01,15:45,19:45
Roberto Palmieri,2026-01-12,11:15,15:15
Silvia Martini,2025-02-12,09:00,16:00
Chiara De Luca,2026-11-02,13:30,17:30
Elisabetta Ferrara,2026-09-08,13:30,14:30
Elena Barbieri,2026-07-19,08:15,09:15
Francesco Rizzo,2026-01-08,18:15,20:00
Francesco Rizzo,2026-07-01,12:15,18:15
Simone Villa,2026-03-16,16:00,20:00
Francesco Rizzo,2025-10-23,12:00,19:00
Sofia Bianchi,2025-01-25,12:00,13:00
Roberto Palmieri,2026-03-15,11:30,15:30
Silvia Martini,2025-08-18,12:30,14:30
Silvia Martini,2025-03-23,16:30,20:00
Roberto Palmieri,2026-09-11,13:00,14:00
Daniele Gatti,2025-11-08,16:00,20:00
Sofia Bianchi,2026-12-10,14:15,18:15
Silvia Martini,2025-02-01,12:30,19:30
Laura Messina,2026-12-20,11:15,15:15
Marco Rossi,2025-10-19,15:15,20:00
Antonio Leone,2026-02-02,14:30,17:30
Alessia Marino,2026-12-24,08:00,14:00
Anna Serra,2026-02-28,16:45,20:00
Laura Messina,2025-06-04,13:30,20:30
Roberto Palmieri,2025-11-04,13:30,15:30
Valentina Moretti,2025-11-14,13:15,20:15
Andrea Conti,2025-10-06,08:30,13:30
Valentina Moretti,2025-02-13,17:00,20:00
Chiara De Luca,2025-04-02,17:30,20:00
Roberto Palmieri,2026-10-23,10:30,16:30
Sofia Bianchi,2026-01-11,10:15,16:15
Silvia Martini,2026-08-27,08:30,13:30
Francesco Rizzo,2025-03-05,14:30,17:30
Laura Messina,2025-08-18,16:00,20:00
Andrea Conti,2025-05-04,08:00,09:00
Daniele Gatti,2025-05-15,16:45,20:00
Sofia Bianchi,2026-03-09,17:45,18:45
Anna Serra,2026-02-05,10:00,13:00
Luca Ferrari,2026-06-21,12:45,13:45
Simone Villa,2025-01-25,17:30,19:30
Silvia Martini,2026-03-01,13:30,17:30
Francesco Rizzo,2025-05-13,16:30,17:30
Elisabetta Ferrara,2025-01-08,11:00,16:00
Luca Ferrari,2026-10-18,14:00,18:00
Anna Serra,2026-09-07,16:30,19:30
Daniele Gatti,2026-12-12,10:30,17:30
Silvia Martini,2025-06-11,12:15,19:15
Sofia Bianchi,2026-10-17,16:15,17:15
Sofia Bianchi,2025-11-20,10:00,11:00
Silvia Martini,2026-11-23,12:45,19:45
Elena Barbieri,2025-03-27,13:30,14:30
Silvia Martini,2026-05-10,11:30,14:30
Marco Rossi,2026-06-27,15:45,17:45
Luca Ferrari,2026-10-14,12:30,15:30
Antonio Leone,2025-05-22,15:45,20:00
Andrea Conti,2025-06-17,09:30,16:30
Francesco Rizzo,2026-07-10,16:45,20:00
Alessia Marino,2025-09-03,08:15,11:15
Sofia Bianchi,2026-10-10,10:45,16:45
Silvia Martini,2025-02-03,18:30,20:00
Roberto Palmieri,2026-03-08,09:00,12:00
Sofia Bianchi,2026-10-30,14:15,20:00
Davide Santoro,2025-10-23,10:00,14:00
Silvia Martini,2026-04-23,17:45,20:45
Antonio Leone,2025-05-22,14:30,20:00
Elena Barbieri,2026-05-17,16:45,18:45
Simone Villa,2026-12-27,08:00,16:00
Luca Ferrari,2025-09-15,10:45,12:45
Giulia Romano,2025-05-27,14:45,15:45
Anna Serra,2026-12-06,09:30,11:30
Luca Ferrari,2026-08-27,15:45,20:45
Valentina Moretti,2026-11-21,11:15,14:15
Anna Serra,2025-04-06,17:00,20:00
Roberto Palmieri,2025-07-08,11:00,19:00
Matteo Greco,2025-04-26,09:00,14:00
Luca Ferrari,2025-11-07,15:45,20:00
Marco Rossi,2026-04-09,08:30,12:30
Silvia Martini,2025-04-26,18:30,20:00
Simone Villa,2025-12-26,17:15,18:15
Andrea Conti,2025-05-12,15:30,20:00
Davide Santoro,2025-07-01,09:30,13:30
Simone Villa,2026-06-03,18:30,20:00
Simone Villa,2026-08-26,10:00,16:00
Andrea Conti,2025-07-22,18:15,20:00
Andrea Conti,2025-01-19,10:00,13:00
Chiara De Luca,2026-06-05,15:45,20:00
Simone Villa,2025-10-04,15:45,20:00
Luca Ferrari,2026-11-14,11:30,13:30
Elisabetta Ferrara,2025-02-16,10:00,18:00
Chiara De Luca,2026-06-10,16:15,20:00
Davide Santoro,2026-11-07,17:15,20:00
Elisabetta Ferrara,2025-07-21,13:15,18:15
Daniele Gatti,2025-07-15,11:30,13:30
Marco Rossi,2026-08-28,15:15,17:15
Roberto Palmieri,2026-11-20,13:45,16:45
Chiara De Luca,2026-10-12,11:30,14:30
Antonio Leone,2025-03-27,16:00,18:00
Anna Serra,2026-10-21,08:45,13:45
Silvia Martini,2026-09-20,10:15,16:15
Marco Rossi,2025-12-22,12:45,18:45
Sofia Bianchi,2025-12-08,14:45,20:00
Laura Messina,2025-08-13,14:00,15:00
Elisabetta Ferrara,2025-04-04,18:30,20:00
Marco Rossi,2025-12-27,18:45,20:00
Elisabetta Ferrara,2025-12-18,11:45,19:45
Marco Rossi,2026-07-19,09:00,15:00
Elisabetta Ferrara,2025-08-08,17:15,20:00
Francesco Rizzo,2026-08-10,12:00,13:00
Elena Barbieri,2025-02-13,17:15,20:00
Anna Serra,2025-12-04,13:45,16:45
Sofia Bianchi,2026-01-11,12:30,17:30
Antonio Leone,2026-09-28,10:30,18:30
Marco Rossi,2025-02-10,11:30,17:30
Chiara De Luca,2025-05-24,14:15,17:15
Sofia Bianchi,2025-08-21,15:00,20:00
Davide Santoro,2025-12-07,12:00,18:00
Luca Ferrari,2026-09-27,15:30,19:30
Simone Villa,2025-06-04,17:00,19:00
Simone Villa,2026-08-06,10:15,16:15
Sofia Bianchi,2025-06-28,12:45,13:45
Giulia Romano,2026-06-29,11:30,18:30
Marco Rossi,2026-06-20,15:45,17:45
Antonio Leone,2025-12-23,15:45,17:45
Antonio Leone,2026-01-09,17:30,20:00
Sofia Bianchi,2026-03-09,13:45,20:00
Roberto Palmieri,2026-10-17,17:00,19:00
Elena Barbieri,2025-10-07,15:15,20:00
Alessia Marino,2026-07-15,17:15,20:00
Matteo Greco,2025-09-11,11:30,14:30
Sofia Bianchi,2026-12-30,09:00,15:00
Simone Villa,2025-03-03,11:15,15:15
Roberto Palmieri,2025-02-10,14:45,15:45
Giulia Romano,2026-03-21,10:45,15:45
Davide Santoro,2026-07-17,17:15,18:15
Marco Rossi,2025-03-14,09:15,13:15
Luca Ferrari,2026-05-25,14:00,18:00
Marco Rossi,2026-02-04,10:45,16:45
Alessia Marino,2026-02-05,14:15,17:15
Davide Santoro,2026-10-02,18:45,20:00
Antonio Leone,2025-06-17,17:00,19:00
Andrea Conti,2026-07-28,12:45,16:45
Alessia Marino,2025-01-25,15:00,20:00
Silvia Martini,2026-05-30,08:45,11:45
Roberto Palmieri,2026-05-20,09:00,15:00
Andrea Conti,2025-04-26,18:15,20:00
Laura Messina,2025-09-23,12:00,20:00
Elisabetta Ferrara,2025-12-22,12:30,16:30
Elisabetta Ferrara,2026-04-11,14:45,20:00
Valentina Moretti,2025-05-27,14:15,20:00
Laura Messina,2025-05-20,18:30,20:00
Valentina Moretti,2026-06-01,18:00,20:00
Laura Messina,2026-10-02,18:30,20:00
Chiara De Luca,2025-09-21,13:15,17:15
Matteo Greco,2026-05-22,14:00,18:00
Daniele Gatti,2025-03-22,12:30,15:30
Silvia Martini,2026-01-25,16:45,19:45
Marco Rossi,2025-08-21,11:00,12:00
Antonio Leone,2025-07-03,12:30,20:30
Valentina Moretti,2025-04-30,08:45,11:45
Daniele Gatti,2025-10-10,16:15,20:00
Roberto Palmieri,2026-12-21,09:00,14:00
Francesco Rizzo,2025-09-08,10:00,15:00
Matteo Greco,2025-11-17,18:15,20:00
Alessia Marino,2026-03-09,15:45,20:00
Valentina Moretti,2026-03-28,15:00,18:00
Antonio Leone,2025-11-03,08:30,14:30
Alessia Marino,2026-03-04,09:45,15:45
Luca Ferrari,2025-11-20,17:45,19:45
Laura Messina,2025-06-27,10:15,13:15
Daniele Gatti,2025-06-30,10:00,11:00
Marco Rossi,2026-01-02,17:30,20:00
Alessia Marino,2025-12-23,17:15,20:00
Elisabetta Ferrara,2025-10-01,12:00,18:00
Luca Ferrari,2025-09-10,14:45,20:45
Antonio Leone,2026-02-08,18:45,19:45
Elisabetta Ferrara,2026-11-29,18:00,20:00
Valentina Moretti,2026-11-18,18:15,19:15
Chiara De Luca,2025-11-30,18:45,20:00
Marco Rossi,2025-01-25,11:45,18:45
Matteo Greco,2025-12-07,11:15,16:15
Alessia Marino,2025-09-22,18:30,20:00
Roberto Palmieri,2025-02-12,12:45,17:45
Giulia Romano,2025-01-18,11:30,13:30
Giulia Romano,2025-01-04,13:15,20:15
Chiara De Luca,2025-08-12,13:30,16:30
Daniele Gatti,2026-02-22,13:15,20:00
Luca Ferrari,2026-11-13,18:15,20:00
Luca Ferrari,2025-05-07,16:45,19:45
Andrea Conti,2026-05-21,09:45,11:45
Elena Barbieri,2026-05-20,11:30,14:30
Giulia Romano,2025-04-13,16:45,18:45
Giulia Romano,2025-08-06,10:45,15:45
Marco Rossi,2025-04-05,18:45,19:45
Davide Santoro,2026-03-05,11:45,17:45
Valentina Moretti,2026-08-09,08:45,09:45
Daniele Gatti,2025-11-20,14:30,16:30
Sofia Bianchi,2026-01-06,13:30,19:30
Silvia Martini,2025-03-29,11:15,19:15
Alessia Marino,2026-04-22,17:45,20:00
Laura Messina,2026-02-15,08:15,11:15
Valentina Moretti,2025-08-29,12:45,16:45
Luca Ferrari,2026-03-28,10:45,16:45
Chiara De Luca,2026-01-15,14:15,20:00
Chiara De Luca,2025-11-17,12:00,15:00
Roberto Palmieri,2025-03-28,13:30,16:30
Marco Rossi,2026-12-17,14:00,20:00
Simone Villa,2025-05-17,15:00,17:00
Chiara De Luca,2026-10-16,08:15,11:15
Chiara De Luca,2026-08-29,11:45,17:45
Antonio Leone,2026-06-10,17:30,18:30
Roberto Palmieri,2026-09-03,10:15,13:15
Davide Santoro,2025-11-30,08:00,12:00
Sofia Bianchi,2025-04-26,18:45,20:00
Luca Ferrari,2026-10-14,13:00,19:00
Andrea Conti,2026-01-19,14:00,20:00
Andrea Conti,2025-02-28,12:45,17:45
Giulia Romano,2026-05-06,13:45,14:45
Sofia Bianchi,2025-06-03,15:00,17:00
Davide Santoro,2026-08-23,10:45,12:45
Elena Barbieri,2025-10-24,15:00,19:00
Elena Barbieri,2026-12-08,13:15,15:15
Matteo Greco,2026-11-19,10:00,17:00
Elena Barbieri,2025-05-13,15:00,20:00
Elena Barbieri,2026-12-03,10:00,14:00
Laura Messina,2026-06-19,08:30,13:30
Davide Santoro,2026-07-13,14:30,20:00
Daniele Gatti,2025-10-24,14:45,16:45
Marco Rossi,2026-05-22,12:00,18:00
Alessia Marino,2026-09-19,16:45,19:45
Roberto Palmieri,2025-09-07,17:15,20:15
Sofia Bianchi,2026-06-11,17:30,20:30
Luca Ferrari,2025-01-20,14:15,20:00
Roberto Palmieri,2026-12-12,18:15,20:00
Elena Barbieri,2025-08-25,14:45,20:45
Luca Ferrari,2025-03-20,12:15,20:15
Silvia Martini,2026-10-25,18:45,20:00
Francesco Rizzo,2026-08-15,10:30,15:30
Andrea Conti,2026-01-08,09:45,11:45
Simone Villa,2026-09-10,11:45,16:45
Simone Villa,2026-04-27,10:00,17:00
Andrea Conti,2025-02-26,09:00,17:00
Antonio Leone,2026-04-16,08:15,09:15
Roberto Palmieri,2026-12-12,09:00,14:00
Matteo Greco,2025-01-10,14:30,19:30
Daniele Gatti,2025-08-11,16:30,20:00
Silvia Martini,2025-10-25,12:15,20:15
Alessia Marino,2026-05-16,18:00,20:00
Matteo Greco,2025-05-23,14:30,18:30
Valentina Moretti,2026-06-09,17:00,20:00
Giulia Romano,2025-06-20,14:15,20:00
Francesco Rizzo,2025-04-23,08:00,09:00
Anna Serra,2025-06-29,10:00,13:00
Marco Rossi,2025-05-01,08:45,16:45
Elena Barbieri,2026-08-15,08:30,09:30
Sofia Bianchi,2026-01-18,16:00,20:00
Elena Barbieri,2026-09-27,14:00,20:00
Anna Serra,2025-07-22,16:45,20:00
Silvia Martini,2026-11-16,08:45,16:45
Francesco Rizzo,2026-10-15,11:30,15:30
Marco Rossi,2026-04-09,18:30,20:00
Anna Serra,2026-09-07,18:30,20:00
Sofia Bianchi,2025-09-03,09:30,17:30
Sofia Bianchi,2026-03-10,13:45,15:45
Daniele Gatti,2026-12-16,13:45,17:45
Sofia Bianchi,2025-11-02,12:45,19:45
Andrea Conti,2025-06-14,12:00,18:00
Laura Messina,2025-04-18,11:30,19:30
Giulia Romano,2025-12-12,14:30,20:00
Matteo Greco,2025-06-29,08:00,09:00
Valentina Moretti,2025-10-27,15:00,18:00
Francesco Rizzo,2025-11-07,10:45,15:45
Andrea Conti,2025-02-15,10:30,13:30
Simone Villa,2025-06-10,18:45,20:00
Davide Santoro,2026-10-20,12:30,14:30
Daniele Gatti,2026-08-31,17:15,20:15
Antonio Leone,2025-02-14,18:30,20:00
Chiara De Luca,2026-11-27,17:15,20:00
Daniele Gatti,2026-08-12,08:00,14:00
Anna Serra,2025-08-17,13:00,20:00
Andrea Conti,2025-06-24,17:15,20:00
Elisabetta Ferrara,2025-12-25,16:45,17:45
Francesco Rizzo,2025-03-29,16:30,20:00
Davide Santoro,2025-11-10,14:30,17:30
Roberto Palmieri,2025-08-02,12:15,19:15
Simone Villa,2025-12-21,10:45,13:45
Daniele Gatti,2025-05-14,11:00,12:00
Chiara De Luca,2026-03-23,13:30,18:30
Elisabetta Ferrara,2025-05-17,18:45,20:00
Elena Barbieri,2026-12-31,16:45,20:00
Luca Ferrari,2025-08-17,11:45,15:45
Davide Santoro,2025-07-23,08:00,12:00
Daniele Gatti,2026-10-27,16:45,20:00
Alessia Marino,2026-10-08,16:15,20:15
Simone Villa,2025-10-12,14:30,20:30
Marco Rossi,2025-11-21,08:30,12:30
Giulia Romano,2025-09-27,18:15,20:15
Sofia Bianchi,2025-02-23,18:15,19:15
Anna Serra,2026-04-13,17:00,20:00
Chiara De Luca,2025-06-30,17:00,18:00
Alessia Marino,2025-09-21,14:00,16:00
Marco Rossi,2026-01-16,14:30,18:30
Chiara De Luca,2026-10-09,11:30,13:30
Alessia Marino,2026-03-19,17:45,19:45
Anna Serra,2026-04-17,10:15,12:15
Laura Messina,2026-05-17,15:30,16:30
Silvia Martini,2026-05-03,12:45,15:45
Andrea Conti,2025-06-21,16:00,20:00
Luca Ferrari,2025-09-12,18:15,20:00
Antonio Leone,2026-11-29,08:15,16:15
Silvia Martini,2025-01-30,17:15,20:00
Elena Barbieri,2025-01-27,08:15,15:15
Matteo Greco,2025-08-31,16:00,20:00
Simone Villa,2026-03-26,18:00,20:00
Marco Rossi,2026-04-09,09:15,17:15
Marco Rossi,2026-03-16,13:30,16:30
Andrea Conti,2025-09-30,16:30,20:00
Andrea Conti,2025-07-27,14:15,20:15
Davide Santoro,2026-09-07,18:45,20:45
Alessia Marino,2026-12-29,14:00,20:00
Francesco Rizzo,2025-06-23,12:30,15:30
Roberto Palmieri,2025-08-21,18:00,20:00
Alessia Marino,2025-03-15,15:15,20:15
Antonio Leone,2026-12-10,15:30,20:30
Chiara De Luca,2026-12-10,11:45,14:45
Chiara De Luca,2025-12-09,10:45,15:45
Simone Villa,2025-04-14,18:45,20:00
Valentina Moretti,2027-01-01,11:15,18:15
Andrea Conti,2026-09-06,10:15,14:15
Roberto Palmieri,2025-12-04,14:15,16:15
Elena Barbieri,2026-02-08,10:00,18:00
Chiara De Luca,2026-01-15,15:00,20:00
Simone Villa,2025-02-03,13:00,18:00
Silvia Martini,2026-08-16,13:45,18:45
Antonio Leone,2026-08-16,17:00,20:00
Valentina Moretti,2026-07-26,18:45,19:45
Anna Serra,2025-02-23,16:15,20:00
Silvia Martini,2025-12-22,17:15,20:00
Elisabetta Ferrara,2025-05-18,16:30,17:30
Silvia Martini,2025-04-04,14:15,18:15
Daniele Gatti,2026-01-23,13:45,17:45
Davide Santoro,2026-09-24,16:30,19:30
Simone Villa,2026-04-27,14:15,20:15
Alessia Marino,2025-09-09,12:00,17:00
Matteo Greco,2026-11-04,11:15,12:15
Silvia Martini,2026-08-27,09:15,14:15
Laura Messina,2025-07-05,11:45,16:45
Sofia Bianchi,2025-11-21,17:45,20:00
Andrea Conti,2025-06-17,17:45,20:00
Matteo Greco,2025-09-19,11:45,17:45
Elena Barbieri,2025-09-19,09:00,11:00
Daniele Gatti,2026-06-06,16:00,20:00
Sofia Bianchi,2025-07-12,08:00,11:00
Roberto Palmieri,2026-05-19,09:30,11:30
Marco Rossi,2026-09-03,08:15,13:15
Marco Rossi,2026-03-29,13:30,19:30
Marco Rossi,2026-08-10,13:15,18:15
Laura Messina,2025-03-10,18:45,20:00
Chiara De Luca,2025-07-12,08:15,12:15
Daniele Gatti,2025-07-28,09:00,14:00
Chiara De Luca,2025-05-10,12:45,20:45
Andrea Conti,2026-04-04,15:30,20:30
Elena Barbieri,2026-11-12,09:00,15:00
Andrea Conti,2026-06-07,09:30,13:30
Simone Villa,2025-04-20,10:15,13:15
Anna Serra,2026-11-09,12:45,14:45
Daniele Gatti,2025-05-15,13:15,19:15
Roberto Palmieri,2026-04-21,13:45,14:45
Alessia Marino,2025-02-02,12:00,16:00
Davide Santoro,2026-07-26,18:30,20:00
Elisabetta Ferrara,2025-12-27,10:15,12:15
Antonio Leone,2025-06-06,17:30,20:00
Davide Santoro,2025-11-13,10:00,17:00
Francesco Rizzo,2026-05-16,08:45,10:45
Luca Ferrari,2025-09-20,10:15,17:15
Daniele Gatti,2025-09-04,16:30,20:00
Anna Serra,2026-05-01,17:15,19:15
Marco Rossi,2025-03-29,14:45,18:45
Elisabetta Ferrara,2026-12-08,14:30,15:30
Elena Barbieri,2026-09-15,12:45,19:45
Valentina Moretti,2025-12-14,17:30,20:00
Luca Ferrari,2025-04-01,16:00,20:00
Daniele Gatti,2025-12-21,13:45,14:45
Chiara De Luca,2025-07-15,12:15,17:15
Francesco Rizzo,2025-04-22,11:45,19:45
Elena Barbieri,2025-02-13,10:00,18:00
Alessia Marino,2026-03-04,12:30,14:30
Alessia Marino,2026-10-30,16:30,19:30
Antonio Leone,2025-11-27,12:15,19:15
Andrea Conti,2026-06-22,13:45,20:45
Elisabetta Ferrara,2025-09-18,17:30,20:30
Laura Messina,2026-08-07,13:15,16:15
Matteo Greco,2026-03-02,13:30,18:30
Elisabetta Ferrara,2025-12-22,13:30,20:00
Matteo Greco,2026-04-18,09:15,16:15
Matteo Greco,2026-06-08,08:45,15:45
Elena Barbieri,2026-07-14,11:45,19:45
Elena Barbieri,2026-10-16,17:00,20:00
Alessia Marino,2025-08-21,13:15,20:00
Alessia Marino,2026-03-26,08:30,12:30
Andrea Conti,2026-06-16,18:15,19:15
Elisabetta Ferrara,2026-08-11,08:15,11:15
Elisabetta Ferrara,2026-07-15,13:45,15:45
Laura Messina,2025-02-10,08:30,13:30
Francesco Rizzo,2025-11-21,18:00,20:00
Antonio Leone,2026-10-03,17:15,20:00
Andrea Conti,2025-05-07,08:30,14:30
Elisabetta Ferrara,2025-06-11,10:30,13:30
Roberto Palmieri,2026-12-01,17:15,20:15
Elena Barbieri,2025-05-11,13:00,19:00
Elisabetta Ferrara,2025-06-29,15:45,17:45
Giulia Romano,2026-03-09,11:00,13:00
Giulia Romano,2026-06-24,12:45,13:45
Alessia Marino,2025-08-17,11:45,18:45
Chiara De Luca,2026-09-18,13:00,18:00
Luca Ferrari,2026-09-27,17:00,20:00
Alessia Marino,2026-11-08,12:00,18:00
Laura Messina,2026-09-22,09:30,13:30
Marco Rossi,2026-09-03,08:30,09:30
Francesco Rizzo,2025-07-24,11:15,13:15
Luca Ferrari,2026-01-23,11:15,12:15
Roberto Palmieri,2026-12-12,17:45,20:00
Silvia Martini,2025-09-02,11:30,12:30
Valentina Moretti,2025-03-22,10:30,13:30
Giulia Romano,2026-09-18,08:15,16:15
Valentina Moretti,2025-05-18,09:00,11:00
Silvia Martini,2025-06-01,15:30,20:00
Andrea Conti,2025-01-26,17:45,20:00
Francesco Rizzo,2026-04-01,18:45,20:00
Giulia Romano,2025-10-13,11:15,13:15
Sofia Bianchi,2025-11-01,14:15,18:15
Chiara De Luca,2025-01-22,08:45,13:45
Sofia Bianchi,2025-01-02,18:45,20:00
Valentina Moretti,2026-04-21,15:15,20:15
Giulia Romano,2025-03-16,18:30,20:00
Elena Barbieri,2025-08-30,08:00,16:00
Silvia Martini,2026-09-08,13:15,15:15
Daniele Gatti,2026-03-02,08:00,09:00
Giulia Romano,2025-03-08,14:30,20:00
Roberto Palmieri,2026-02-27,08:30,13:30
Giulia Romano,2026-08-16,09:15,13:15
Valentina Moretti,2025-08-05,09:15,13:15
Daniele Gatti,2025-11-24,10:30,18:30
Antonio Leone,2025-07-08,15:15,17:15
Andrea Conti,2025-11-21,12:45,17:45
Marco Rossi,2026-03-08,13:15,18:15
Sofia Bianchi,2025-05-09,10:45,14:45
Anna Serra,2025-08-13,12:15,20:15
Francesco Rizzo,2026-04-14,17:30,20:00
Alessia Marino,2025-02-05,11:15,12:15
Luca Ferrari,2025-08-16,18:00,20:00
Elisabetta Ferrara,2026-11-15,13:30,17:30
Alessia Marino,2025-09-29,16:30,18:30
Silvia Martini,2025-07-27,14:30,20:00
Luca Ferrari,2026-09-21,12:15,17:15
Laura Messina,2026-01-18,14:00,18:00
Andrea Conti,2026-05-19,12:45,20:45
Sofia Bianchi,2026-09-22,12:45,14:45
Daniele Gatti,2026-10-13,09:00,13:00
Simone Villa,2025-09-02,14:45,20:45
Davide Santoro,2026-09-03,13:45,18:45
Elisabetta Ferrara,2025-08-01,16:15,19:15
Sofia Bianchi,2025-09-08,10:15,14:15
Alessia Marino,2026-03-10,16:30,20:00
Matteo Greco,2025-02-01,14:45,20:45
Francesco Rizzo,2025-06-08,08:30,12:30
Laura Messina,2025-03-10,08:30,13:30
Daniele Gatti,2025-05-06,10:00,15:00
Silvia Martini,2026-07-21,13:00,14:00
Chiara De Luca,2025-07-15,13:30,18:30
Simone Villa,2026-07-13,15:00,19:00
Laura Messina,2025-01-24,09:45,14:45
Alessia Marino,2025-02-25,15:15,20:00
Roberto Palmieri,2026-01-10,09:45,16:45
Silvia Martini,2026-05-30,15:15,20:15
Silvia Martini,2025-03-22,18:30,19:30
Marco Rossi,2026-09-06,15:30,18:30
Daniele Gatti,2025-02-02,15:00,20:00
Matteo Greco,2026-01-30,15:45,20:45
Simone Villa,2026-03-14,14:45,15:45
Valentina Moretti,2025-12-22,08:00,11:00
Chiara De Luca,2026-06-18,10:00,17:00
Silvia Martini,2025-04-13,13:45,18:45
Sofia Bianchi,2026-02-10,16:15,20:00
Anna Serra,2026-04-29,15:15,20:00
Elisabetta Ferrara,2025-09-08,13:45,18:45
Valentina Moretti,2025-06-08,14:00,20:00
Davide Santoro,2025-06-15,11:15,16:15
Chiara De Luca,2025-04-02,14:30,20:00
Andrea Conti,2025-08-07,11:15,15:15
Simone Villa,2025-01-30,16:45,17:45
Matteo Greco,2025-10-29,16:30,20:00
Laura Messina,2026-04-20,15:45,20:00
Simone Villa,2025-05-14,15:45,17:45
Silvia Martini,2025-01-13,10:00,11:00
Matteo Greco,2026-12-25,16:15,19:15
Anna Serra,2025-05-11,12:15,14:15
Elisabetta Ferrara,2026-03-26,12:45,18:45
Elisabetta Ferrara,2026-11-15,11:30,18:30
Davide Santoro,2026-09-25,17:15,20:15
Sofia Bianchi,2025-10-10,12:00,15:00
Roberto Palmieri,2025-11-26,08:30,12:30
Simone Villa,2026-05-18,10:30,17:30
Valentina Moretti,2025-06-07,09:45,15:45
Luca Ferrari,2025-07-06,17:45,20:45
Elisabetta Ferrara,2025-09-14,11:30,19:30
Laura Messina,2025-03-29,15:15,20:00
Daniele Gatti,2025-09-26,14:15,20:00
Valentina Moretti,2026-03-17,17:15,20:00
Sofia Bianchi,2026-07-29,12:45,17:45
Alessia Marino,2025-09-09,09:45,13:45
Matteo Greco,2025-04-03,11:15,16:15
Daniele Gatti,2026-12-13,18:45,20:00
Andrea Conti,2026-12-31,12:00,18:00
Elena Barbieri,2025-11-21,08:30,12:30
Matteo Greco,2025-12-21,14:45,20:45
Luca Ferrari,2026-12-08,17:00,20:00
Francesco Rizzo,2026-06-10,17:45,20:00
Valentina Moretti,2026-05-05,13:15,15:15
Laura Messina,2026-11-10,10:15,16:15
Sofia Bianchi,2026-01-29,14:00,19:00
Marco Rossi,2026-01-14,16:45,19:45
Laura Messina,2026-11-29,13:30,20:00
Roberto Palmieri,2025-09-13,15:30,18:30
Luca Ferrari,2026-09-21,15:30,20:00
Marco Rossi,2025-10-31,18:30,20:00
Andrea Conti,2025-12-20,15:30,17:30
Laura Messina,2025-10-09,09:00,11:00
Marco Rossi,2025-11-21,15:30,20:30
Valentina Moretti,2025-11-01,11:15,19:15
Marco Rossi,2026-03-27,08:15,13:15
Silvia Martini,2025-10-17,18:30,20:00
Elisabetta Ferrara,2026-01-15,11:45,18:45
Giulia Romano,2026-05-03,13:45,20:00
Daniele Gatti,2026-12-05,15:45,17:45
Andrea Conti,2025-03-11,14:45,19:45
Laura Messina,2025-08-23,08:15,12:15
Luca Ferrari,2025-07-07,17:45,20:45
Daniele Gatti,2026-10-20,18:45,20:45
Elena Barbieri,2025-07-14,15:30,20:00
Valentina Moretti,2025-08-25,18:15,20:15
Sofia Bianchi,2026-02-09,11:00,16:00
Elisabetta Ferrara,2025-02-21,15:45,20:00
Francesco Rizzo,2026-02-18,14:30,20:30
Anna Serra,2025-06-16,18:15,20:00
Valentina Moretti,2026-03-14,13:45,18:45
Antonio Leone,2026-05-16,15:00,20:00
Elena Barbieri,2026-01-28,14:30,20:00
Elisabetta Ferrara,2025-12-02,14:15,16:15
Daniele Gatti,2026-10-06,08:15,14:15
Silvia Martini,2026-12-04,10:30,14:30
Antonio Leone,2025-04-18,09:00,10:00
Giulia Romano,2026-08-30,11:30,13:30
Valentina Moretti,2026-05-16,09:30,10:30
Giulia Romano,2026-05-26,15:30,17:30
Roberto Palmieri,2026-07-31,13:45,17:45
Laura Messina,2026-02-25,11:45,18:45
Roberto Palmieri,2026-06-24,11:15,13:15
Antonio Leone,2025-04-10,11:00,16:00
Chiara De Luca,2026-07-25,16:30,17:30
Luca Ferrari,2025-03-05,16:15,20:00
Laura Messina,2025-12-15,10:00,16:00
Roberto Palmieri,2025-05-29,16:00,20:00
Silvia Martini,2026-10-09,16:00,20:00
Marco Rossi,2026-06-27,17:00,20:00
Anna Serra,2026-07-12,10:45,12:45
Elena Barbieri,2026-01-19,13:00,17:00
Luca Ferrari,2025-08-12,09:15,16:15
Luca Ferrari,2026-02-05,13:15,19:15
Andrea Conti,2026-08-14,09:45,16:45
Chiara De Luca,2025-07-24,17:15,20:00
Simone Villa,2025-05-26,16:30,19:30
Daniele Gatti,2026-07-22,08:15,11:15
Elisabetta Ferrara,2025-11-24,10:30,14:30
Francesco Rizzo,2025-12-21,13:00,16:00
Chiara De Luca,2025-05-23,12:30,19:30
Luca Ferrari,2026-01-17,18:15,20:00
Anna Serra,2025-03-26,18:15,20:00
Alessia Marino,2025-03-07,12:30,13:30
Andrea Conti,2026-02-11,09:15,10:15
Davide Santoro,2025-02-15,18:30,20:00
Luca Ferrari,2026-10-17,17:45,20:00
Simone Villa,2025-11-01,17:15,20:00
Valentina Moretti,2026-03-15,16:15,20:00
Sofia Bianchi,2026-03-30,10:00,17:00
Sofia Bianchi,2026-05-05,11:00,14:00
Anna Serra,2026-02-21,11:45,16:45
Chiara De Luca,2025-09-15,14:15,15:15
Francesco Rizzo,2025-07-16,14:15,20:00
Antonio Leone,2025-08-29,16:00,17:00
Davide Santoro,2026-10-01,10:45,15:45
Simone Villa,2026-12-28,13:00,17:00
Matteo Greco,2025-10-30,12:00,17:00
Matteo Greco,2025-05-02,09:30,12:30
Laura Messina,2026-05-03,15:45,17:45
Sofia Bianchi,2026-11-11,11:45,17:45
Simone Villa,2026-10-25,11:45,15:45
Andrea Conti,2026-01-12,15:45,17:45
Silvia Martini,2025-11-13,16:00,19:00
Luca Ferrari,2026-03-21,18:30,20:30
Laura Messina,2025-04-04,17:45,20:00
Anna Serra,2025-02-11,10:15,12:15
Matteo Greco,2026-04-16,17:00,20:00
Luca Ferrari,2026-05-19,15:45,20:00
Marco Rossi,2026-09-26,14:45,18:45
Giulia Romano,2025-02-25,12:00,18:00
Giulia Romano,2025-05-29,14:15,20:15
Matteo Greco,2025-02-03,14:30,17:30
Luca Ferrari,2026-01-04,15:45,20:45
Simone Villa,2026-09-05,18:00,20:00
Chiara De Luca,2026-04-15,09:15,17:15
Sofia Bianchi,2025-05-09,11:00,19:00
Simone Villa,2026-07-14,10:30,15:30
Luca Ferrari,2025-12-20,09:45,16:45
Luca Ferrari,2025-03-08,15:00,20:00
Anna Serra,2026-03-10,08:30,13:30
Elisabetta Ferrara,2026-01-16,12:30,15:30
Roberto Palmieri,2026-05-05,08:15,09:15
Antonio Leone,2026-05-23,13:30,20:00
Daniele Gatti,2026-02-19,17:00,20:00
Anna Serra,2025-03-27,13:30,20:30
Luca Ferrari,2026-01-18,10:15,15:15
Daniele Gatti,2025-01-03,15:30,20:00
Laura Messina,2026-02-25,16:45,18:45
Simone Villa,2026-05-10,12:45,20:45
Anna Serra,2025-09-08,08:30,12:30
Matteo Greco,2025-04-05,08:30,15:30
Elisabetta Ferrara,2025-06-04,13:00,18:00
Alessia Marino,2026-05-24,09:30,17:30
Giulia Romano,2025-02-24,15:45,16:45
Davide Santoro,2026-03-30,08:00,13:00
Davide Santoro,2025-07-04,15:30,17:30
Andrea Conti,2025-01-21,13:00,19:00
Sofia Bianchi,2026-04-22,13:30,16:30
Anna Serra,2025-12-27,15:15,20:15
Alessia Marino,2026-02-19,17:00,20:00
Laura Messina,2025-09-25,16:15,20:00
Andrea Conti,2026-06-16,11:30,17:30
Luca Ferrari,2025-05-31,18:00,20:00
Giulia Romano,2025-04-01,14:00,20:00
Elisabetta Ferrara,2025-11-09,14:30,18:30
Matteo Greco,2025-12-09,17:00,20:00
Roberto Palmieri,2025-02-26,15:00,17:00
Matteo Greco,2025-03-01,16:00,20:00
Chiara De Luca,2025-12-02,17:30,20:30
Daniele Gatti,2026-05-02,09:30,17:30
Marco Rossi,2025-02-10,14:45,17:45
Elena Barbieri,2026-01-25,08:30,10:30
Simone Villa,2026-05-26,15:00,16:00
Elena Barbieri,2025-06-12,08:30,11:30
Matteo Greco,2026-06-04,09:45,14:45
Elisabetta Ferrara,2026-09-09,17:30,20:00
Laura Messina,2026-09-09,15:30,20:00
Luca Ferrari,2025-04-02,18:00,20:00
Roberto Palmieri,2025-08-30,12:30,17:30
Chiara De Luca,2026-01-08,10:15,12:15
Alessia Marino,2026-04-15,18:00,20:00
Marco Rossi,2026-12-26,16:45,18:45
Elena Barbieri,2025-10-05,14:00,19:00
Andrea Conti,2026-12-14,13:00,16:00
Francesco Rizzo,2025-02-21,08:30,10:30
Anna Serra,2026-03-05,08:30,16:30
Silvia Martini,2026-09-29,10:30,16:30
Alessia Marino,2025-12-06,18:45,20:00
Silvia Martini,2026-02-17,13:00,19:00
Alessia Marino,2026-01-31,11:00,18:00
Giulia Romano,2025-04-12,17:30,20:00
Chiara De Luca,2025-02-02,12:30,20:30
Davide Santoro,2026-11-11,16:30,18:30
Marco Rossi,2026-01-07,15:00,20:00
Antonio Leone,2026-11-23,17:30,20:00
Silvia Martini,2026-07-16,15:30,19:30
Roberto Palmieri,2025-06-06,16:30,20:00
Chiara De Luca,2025-01-13,13:00,15:00
Anna Serra,2026-12-15,11:45,19:45
Roberto Palmieri,2026-07-09,11:45,14:45
Alessia Marino,2026-06-10,16:00,20:00
Andrea Conti,2025-09-11,14:45,20:45
Valentina Moretti,2026-09-14,16:30,20:00
Francesco Rizzo,2026-06-24,16:15,20:00
Anna Serra,2026-09-24,10:30,17:30
Sofia Bianchi,2026-03-05,10:15,13:15
Elena Barbieri,2026-08-03,09:00,16:00
Francesco Rizzo,2026-10-18,12:00,19:00
Simone Villa,2025-01-20,15:15,20:00
Silvia Martini,2025-11-15,10:15,18:15
Simone Villa,2026-06-04,10:30,12:30
Laura Messina,2026-12-12,14:15,16:15
Andrea Conti,2026-01-25,15:00,20:00
Chiara De Luca,2025-11-02,08:45,14:45
Elena Barbieri,2025-03-01,12:15,20:15
Luca Ferrari,2026-09-09,08:30,13:30
Elena Barbieri,2026-07-20,08:30,16:30
Francesco Rizzo,2026-06-13,11:30,16:30
Silvia Martini,2025-06-06,10:45,16:45
Matteo Greco,2025-06-16,14:15,19:15
Daniele Gatti,2025-01-07,13:15,17:15
Matteo Greco,2026-11-14,18:00,20:00
Antonio Leone,2026-03-13,11:00,14:00
Matteo Greco,2025-09-29,09:45,15:45
Elena Barbieri,2025-10-26,14:15,20:00
Luca Ferrari,2025-05-09,09:00,12:00
Antonio Leone,2026-11-18,18:15,20:00
Francesco Rizzo,2025-01-17,18:15,20:00
Francesco Rizzo,2026-11-03,18:00,20:00
Laura Messina,2026-08-03,10:45,16:45
Laura Messina,2025-04-27,18:00,19:00
Marco Rossi,2025-01-10,18:15,20:00
Roberto Palmieri,2025-03-06,12:30,17:30
Luca Ferrari,2026-11-01,14:30,20:30
Elisabetta Ferrara,2025-01-07,14:45,17:45
Daniele Gatti,2025-03-22,10:45,13:45
Andrea Conti,2025-01-27,16:15,20:00
Sofia Bianchi,2026-12-09,11:45,15:45
Alessia Marino,2025-05-27,16:15,20:00
Andrea Conti,2026-12-12,09:00,10:00
Davide Santoro,2026-09-26,16:00,20:00
Sofia Bianchi,2025-04-03,10:30,15:30
Sofia Bianchi,2025-12-22,15:45,20:00
Elena Barbieri,2026-10-29,13:45,16:45
Chiara De Luca,2025-07-22,15:00,20:00
Silvia Martini,2025-04-09,09:00,15:00
Antonio Leone,2026-02-25,18:45,20:45
Valentina Moretti,2026-09-05,17:45,20:00
Daniele Gatti,2026-05-26,09:00,10:00
Sofia Bianchi,2026-08-04,08:30,09:30
Valentina Moretti,2026-03-06,11:45,15:45
Valentina Moretti,2025-07-17,17:30,18:30
Silvia Martini,2026-04-24,12:00,20:00
Marco Rossi,2025-10-26,08:00,09:00
Elena Barbieri,2026-04-03,10:30,14:30
Marco Rossi,2025-12-20,10:00,11:00
Francesco Rizzo,2025-03-06,16:45,18:45
Marco Rossi,2025-11-27,09:30,16:30
Davide Santoro,2025-09-07,16:00,20:00
Antonio Leone,2026-02-25,08:45,13:45
Daniele Gatti,2025-06-30,18:45,20:45
Daniele Gatti,2025-03-04,13:00,15:00
Luca Ferrari,2025-11-03,13:30,20:30
Anna Serra,2026-07-16,17:30,20:00
Luca Ferrari,2025-10-12,14:30,20:30
Valentina Moretti,2025-10-26,14:30,18:30
Alessia Marino,2025-01-05,08:30,11:30
Matteo Greco,2025-07-09,17:15,20:15
Andrea Conti,2025-04-13,11:15,12:15
Anna Serra,2026-11-24,17:00,20:00
Sofia Bianchi,2026-09-22,10:30,13:30
Antonio Leone,2026-07-03,18:30,20:00
Elena Barbieri,2025-12-30,17:00,19:00
Elena Barbieri,2025-07-09,11:30,19:30
Silvia Martini,2025-02-19,16:00,20:00
Marco Rossi,2025-09-07,17:30,18:30
Silvia Martini,2026-12-04,10:45,14:45
Luca Ferrari,2026-02-03,12:00,14:00
Chiara De Luca,2026-03-03,12:15,19:15
Chiara De Luca,2026-04-21,13:00,15:00
Elisabetta Ferrara,2025-11-17,10:45,17:45
Elena Barbieri,2026-07-13,11:00,14:00
Marco Rossi,2026-09-10,18:00,20:00
Luca Ferrari,2025-12-15,09:00,14:00
Alessia Marino,2025-09-24,16:15,20:00
Anna Serra,2025-08-25,16:45,18:45
Andrea Conti,2025-05-04,14:00,16:00
Marco Rossi,2025-05-28,09:45,10:45
Giulia Romano,2026-04-23,16:15,19:15
Simone Villa,2026-05-31,16:30,20:00
Silvia Martini,2026-07-04,15:15,20:00
Silvia Martini,2026-02-07,17:30,20:00
Giulia Romano,2025-01-03,16:00,17:00
Valentina Moretti,2025-11-13,12:45,18:45
Andrea Conti,2026-02-23,18:00,20:00
Chiara De Luca,2026-06-17,16:30,20:00
Sofia Bianchi,2025-12-19,12:45,19:45
Marco Rossi,2026-10-31,10:45,12:45
Giulia Romano,2025-11-11,13:00,14:00
Elisabetta Ferrara,2026-09-07,13:45,20:00
Andrea Conti,2025-10-26,14:45,15:45
Laura Messina,2025-08-16,10:15,11:15
Elisabetta Ferrara,2025-08-07,12:45,17:45
Valentina Moretti,2025-02-28,17:15,20:00
Simone Villa,2026-02-04,13:45,19:45
Elena Barbieri,2026-08-06,09:15,16:15
Luca Ferrari,2025-11-11,12:00,19:00
Laura Messina,2025-03-10,12:15,17:15
Matteo Greco,2025-01-05,16:30,20:00
Marco Rossi,2026-02-04,17:00,20:00
Luca Ferrari,2026-07-03,14:15,19:15
Daniele Gatti,2025-11-30,10:45,18:45
Antonio Leone,2026-11-26,16:15,20:00
Alessia Marino,2026-11-23,16:30,20:00
Sofia Bianchi,2026-11-11,16:30,20:00
Antonio Leone,2026-04-05,15:00,17:00
Laura Messina,2026-12-16,09:15,14:15
Valentina Moretti,2025-02-08,15:30,16:30
Antonio Leone,2026-12-11,08:30,16:30
Silvia Martini,2026-06-17,08:45,11:45
Davide Santoro,2025-08-23,14:30,20:30
Giulia Romano,2026-07-13,14:30,18:30
Giulia Romano,2026-01-13,12:30,18:30
Davide Santoro,2026-02-15,18:30,20:00
Matteo Greco,2026-08-14,15:30,19:30
Daniele Gatti,2026-09-13,16:30,20:00
Simone Villa,2026-09-07,09:45,11:45
Antonio Leone,2025-06-13,17:15,20:00
Luca Ferrari,2026-12-31,13:15,15:15
Marco Rossi,2025-09-20,18:15,20:00
Marco Rossi,2025-04-15,18:30,19:30
Antonio Leone,2025-05-18,10:00,12:00
Daniele Gatti,2026-05-05,13:30,18:30
Matteo Greco,2026-11-01,11:30,17:30
Giulia Romano,2026-10-20,09:45,13:45
Anna Serra,2025-10-10,16:45,20:00
Francesco Rizzo,2025-12-09,10:30,13:30
Roberto Palmieri,2025-01-03,10:30,14:30
Matteo Greco,2025-06-27,14:45,15:45
Daniele Gatti,2026-04-15,16:45,19:45
Luca Ferrari,2025-07-04,10:45,17:45
Valentina Moretti,2026-04-19,15:30,16:30
Matteo Greco,2025-01-28,09:00,15:00
Laura Messina,2026-01-18,18:45,20:00
Elena Barbieri,2025-04-05,12:30,14:30
Anna Serra,2026-04-21,11:00,18:00
Daniele Gatti,2025-09-19,12:15,13:15
Marco Rossi,2025-05-12,10:30,17:30
Davide Santoro,2026-11-25,16:30,17:30
Daniele Gatti,2025-05-13,14:45,20:00
Valentina Moretti,2026-12-01,09:30,13:30
Chiara De Luca,2026-06-26,08:30,15:30
Simone Villa,2026-10-15,13:30,20:00
Elena Barbieri,2026-06-19,10:15,18:15
Alessia Marino,2026-08-19,13:00,15:00
Anna Serra,2025-06-04,09:00,17:00
Antonio Leone,2025-05-18,14:15,20:00
Alessia Marino,2025-08-07,17:45,20:00
Simone Villa,2026-12-22,14:30,20:30
Silvia Martini,2025-05-21,10:00,13:00
Francesco Rizzo,2026-12-06,13:45,15:45
Giulia Romano,2025-02-17,15:45,19:45
Chiara De Luca,2025-07-08,15:45,20:00
Sofia Bianchi,2025-08-08,17:00,20:00
Giulia Romano,2025-01-11,17:00,20:00
Andrea Conti,2025-12-28,11:15,18:15
Francesco Rizzo,2025-11-23,15:30,20:00
Francesco Rizzo,2026-06-14,11:15,17:15
Laura Messina,2025-11-02,15:15,19:15
Simone Villa,2025-02-20,15:30,20:00
Luca Ferrari,2025-01-08,16:45,20:00
Giulia Romano,2025-07-06,11:00,19:00
Alessia Marino,2026-08-21,11:30,19:30
Antonio Leone,2026-06-19,12:00,18:00
Anna Serra,2026-03-30,16:45,17:45
Elena Barbieri,2025-09-18,14:00,20:00
Luca Ferrari,2026-07-05,08:00,16:00
Alessia Marino,2026-04-12,17:30,20:00
Laura Messina,2025-12-04,14:00,20:00
Matteo Greco,2025-08-31,13:45,20:45
Valentina Moretti,2025-12-12,11:00,12:00
Roberto Palmieri,2026-10-22,10:15,16:15
Valentina Moretti,2025-07-23,15:15,16:15
Giulia Romano,2025-10-27,10:00,11:00
Roberto Palmieri,2025-08-01,14:00,18:00
Matteo Greco,2026-10-05,17:00,20:00
Andrea Conti,2026-12-12,12:30,19:30
Davide Santoro,2026-04-28,15:45,20:00
Laura Messina,2026-05-16,18:00,20:00
Simone Villa,2026-04-30,11:15,17:15
Elisabetta Ferrara,2025-02-17,12:15,13:15
Silvia Martini,2025-11-24,09:15,13:15
Marco Rossi,2025-11-25,11:00,14:00
Andrea Conti,2026-05-30,10:15,11:15
Luca Ferrari,2025-10-01,13:30,18:30
Sofia Bianchi,2025-10-21,18:45,20:00
Marco Rossi,2026-03-29,15:30,20:30
Elisabetta Ferrara,2025-08-09,18:15,20:00
Laura Messina,2025-10-22,18:45,20:45
Elisabetta Ferrara,2026-08-24,15:30,20:00
Roberto Palmieri,2025-05-19,10:45,17:45
Marco Rossi,2025-11-17,16:45,20:00
Marco Rossi,2026-02-04,16:45,19:45
Simone Villa,2026-12-21,11:15,12:15
Elena Barbieri,2026-10-27,18:45,20:00
Marco Rossi,2025-08-30,12:00,13:00
Francesco Rizzo,2025-09-13,08:15,11:15
Davide Santoro,2026-04-19,13:15,14:15
Alessia Marino,2025-05-18,10:00,18:00
Matteo Greco,2025-09-04,10:15,11:15
Chiara De Luca,2025-07-23,10:30,13:30
Chiara De Luca,2025-06-26,11:15,15:15
Alessia Marino,2026-10-13,11:45,15:45
Andrea Conti,2025-09-05,09:30,11:30
Simone Villa,2025-02-20,18:45,20:00
Roberto Palmieri,2026-03-03,13:00,18:00
Alessia Marino,2026-05-03,17:45,20:00
Anna Serra,2025-01-28,18:45,20:00
Luca Ferrari,2025-03-12,09:30,12:30
Elena Barbieri,2026-03-26,10:15,14:15
Giulia Romano,2026-07-18,10:30,17:30
Elena Barbieri,2026-12-15,16:15,20:00
Roberto Palmieri,2026-12-09,15:45,20:00
Elisabetta Ferrara,2025-11-25,13:30,20:00
Marco Rossi,2026-12-28,18:15,20:00
Elena Barbieri,2025-06-17,11:30,15:30
Valentina Moretti,2026-12-29,09:00,10:00
Marco Rossi,2025-09-11,18:00,20:00
Francesco Rizzo,2026-01-31,15:00,20:00
Silvia Martini,2025-12-19,10:15,13:15
Elisabetta Ferrara,2026-10-22,12:15,16:15
Silvia Martini,2025-05-16,12:45,14:45
Laura Messina,2025-08-29,11:30,12:30
Davide Santoro,2026-05-08,14:15,19:15
Laura Messina,2026-08-09,10:00,18:00
Chiara De Luca,2026-07-17,13:00,19:00
Elisabetta Ferrara,2026-02-12,12:15,13:15
Valentina Moretti,2026-09-09,12:15,14:15
Simone Villa,2026-02-21,14:15,20:15
Davide Santoro,2026-05-24,16:45,20:00
Simone Villa,2026-05-27,12:30,20:30
Laura Messina,2026-07-25,18:00,20:00
Silvia Martini,2026-09-26,08:30,10:30
Antonio Leone,2026-11-14,14:45,20:45
Andrea Conti,2025-08-01,10:45,18:45
Matteo Greco,2025-04-26,08:15,10:15
Antonio Leone,2026-06-16,16:00,19:00
Elisabetta Ferrara,2026-05-03,17:15,20:00
Sofia Bianchi,2026-12-27,10:45,15:45
Daniele Gatti,2026-06-04,08:30,10:30
Chiara De Luca,2026-07-28,11:30,13:30
Roberto Palmieri,2026-09-10,16:30,17:30
Andrea Conti,2026-10-01,09:30,16:30
Giulia Romano,2025-03-10,15:30,18:30
Elena Barbieri,2026-05-21,09:45,17:45
Valentina Moretti,2025-01-26,14:30,20:00
Chiara De Luca,2026-01-16,09:45,15:45
Roberto Palmieri,2026-02-15,08:45,11:45
Sofia Bianchi,2026-07-07,11:45,15:45
Anna Serra,2025-11-01,15:15,19:15
Antonio Leone,2025-01-01,12:45,14:45
Sofia Bianchi,2026-02-09,09:45,16:45
Roberto Palmieri,2025-11-07,08:45,15:45
Daniele Gatti,2025-01-27,13:45,17:45
Elisabetta Ferrara,2025-12-30,12:30,18:30
Silvia Martini,2026-08-23,11:15,14:15
Luca Ferrari,2026-10-29,16:45,20:00
Alessia Marino,2026-05-05,12:30,13:30
Alessia Marino,2026-10-13,16:15,18:15
Elisabetta Ferrara,2025-07-25,14:00,20:00
Roberto Palmieri,2025-05-05,17:45,18:45
Antonio Leone,2026-11-05,16:45,19:45
Roberto Palmieri,2025-04-25,12:15,18:15
Elena Barbieri,2025-12-28,17:45,20:00
Simone Villa,2026-02-12,12:30,20:30
Giulia Romano,2026-12-31,13:30,15:30
Daniele Gatti,2026-10-09,15:00,20:00
Francesco Rizzo,2026-03-31,12:15,20:15
Davide Santoro,2026-12-26,15:00,20:00
Daniele Gatti,2025-11-24,14:15,17:15
Chiara De Luca,2025-12-21,17:15,20:00
Chiara De Luca,2026-08-31,10:45,14:45
Giulia Romano,2025-12-28,18:00,20:00
Sofia Bianchi,2025-08-31,12:00,14:00
Matteo Greco,2025-11-07,13:45,16:45
Andrea Conti,2026-10-20,16:00,20:00
Elena Barbieri,2025-03-07,15:45,20:00
Giulia Romano,2025-10-31,08:30,11:30
Francesco Rizzo,2025-05-21,16:30,17:30
Antonio Leone,2025-05-15,11:30,19:30
Giulia Romano,2026-03-01,10:15,11:15
Andrea Conti,2026-04-30,18:30,20:30
Anna Serra,2025-12-02,16:15,19:15
Francesco Rizzo,2026-09-11,12:15,20:15
Davide Santoro,2025-12-15,09:15,11:15
Matteo Greco,2026-04-01,09:00,12:00
Chiara De Luca,2025-10-23,10:00,14:00
Daniele Gatti,2026-09-02,08:30,12:30
Silvia Martini,2026-10-13,18:45,20:00
Matteo Greco,2025-08-23,11:45,17:45
Alessia Marino,2025-12-17,15:30,18:30
Simone Villa,2026-07-15,15:45,20:00
Silvia Martini,2025-12-23,09:30,14:30
Laura Messina,2025-03-08,16:15,20:00
Elena Barbieri,2025-12-16,09:45,11:45
Giulia Romano,2025-05-13,15:30,19:30
Luca Ferrari,2025-10-01,13:45,17:45
Elisabetta Ferrara,2026-07-22,17:30,20:00
Marco Rossi,2025-09-07,16:45,20:00
Alessia Marino,2026-05-21,16:00,17:00
Sofia Bianchi,2026-07-02,11:00,13:00
Marco Rossi,2026-06-08,11:00,19:00
Francesco Rizzo,2026-10-24,09:30,13:30
Roberto Palmieri,2025-12-12,10:00,13:00
Sofia Bianchi,2025-07-30,12:30,13:30
Silvia Martini,2026-06-23,18:30,20:00
Chiara De Luca,2025-09-06,18:30,20:00
Anna Serra,2025-03-20,13:15,20:00
Anna Serra,2025-03-04,16:15,20:00
Elisabetta Ferrara,2026-03-15,13:00,14:00
Valentina Moretti,2026-03-30,09:15,17:15
Antonio Leone,2025-07-01,14:30,16:30
Andrea Conti,2025-09-26,10:15,14:15
Davide Santoro,2025-09-12,15:30,20:00
Silvia Martini,2026-11-09,11:45,18:45
Roberto Palmieri,2025-01-07,09:45,11:45
Davide Santoro,2026-08-09,09:45,17:45
Sofia Bianchi,2025-02-10,18:45,20:45
Sofia Bianchi,2026-11-05,17:45,18:45
Laura Messina,2025-01-10,12:00,20:00
Sofia Bianchi,2026-12-30,14:15,19:15
Luca Ferrari,2026-06-29,17:00,20:00
Sofia Bianchi,2026-07-02,14:45,20:45
Giulia Romano,2026-12-11,18:15,20:00
Daniele Gatti,2025-12-19,09:30,10:30
Valentina Moretti,2025-12-04,10:45,16:45
Valentina Moretti,2026-02-18,12:30,15:30
Luca Ferrari,2026-11-22,09:30,16:30
Alessia Marino,2026-09-17,10:00,13:00
Andrea Conti,2026-05-07,10:30,12:30
Matteo Greco,2025-01-03,16:45,18:45
Chiara De Luca,2025-06-18,10:45,14:45
Chiara De Luca,2026-12-24,12:30,17:30
Laura Messina,2025-12-05,14:15,20:15
Laura Messina,2025-06-02,15:00,18:00
Roberto Palmieri,2026-05-28,13:15,20:15
Simone Villa,2026-06-12,17:45,20:00
Giulia Romano,2026-07-14,08:15,11:15
Alessia Marino,2025-05-02,15:45,18:45
Matteo Greco,2026-10-09,17:15,20:15
Sofia Bianchi,2026-07-24,08:30,12:30
Matteo Greco,2026-05-17,17:30,19:30
Sofia Bianchi,2025-02-09,15:30,20:00
Giulia Romano,2026-02-22,10:45,13:45
Daniele Gatti,2025-07-19,09:45,11:45
Alessia Marino,2025-07-10,08:30,15:30
Roberto Palmieri,2025-11-08,10:30,17:30
Sofia Bianchi,2026-08-12,13:30,19:30
Laura Messina,2025-07-15,13:30,18:30
Simone Villa,2026-07-31,09:15,15:15
Andrea Conti,2026-10-10,12:30,17:30
Antonio Leone,2026-06-06,18:00,20:00
Roberto Palmieri,2026-07-08,15:45,17:45
Luca Ferrari,2025-04-05,10:15,17:15
Simone Villa,2025-10-19,10:15,13:15
Elisabetta Ferrara,2026-08-26,17:15,20:00
Laura Messina,2026-10-31,09:15,12:15
Daniele Gatti,2025-12-01,13:15,16:15
Luca Ferrari,2025-04-15,11:00,17:00
Giulia Romano,2025-01-02,08:45,14:45
Matteo Greco,2026-09-21,11:30,15:30
Luca Ferrari,2026-07-26,13:30,14:30
Chiara De Luca,2026-02-07,18:15,20:00
Elisabetta Ferrara,2025-12-22,15:15,16:15
Elisabetta Ferrara,2026-11-10,18:45,19:45
Davide Santoro,2025-12-30,18:00,19:00
Luca Ferrari,2026-07-18,09:30,17:30
Simone Villa,2025-02-20,14:15,16:15
Sofia Bianchi,2025-05-21,16:30,18:30
Silvia Martini,2026-07-09,13:00,20:00
Anna Serra,2025-09-20,08:30,16:30
Valentina Moretti,2026-12-24,12:15,20:15
Davide Santoro,2025-08-04,11:45,16:45
Andrea Conti,2026-01-29,11:00,19:00
Marco Rossi,2026-02-11,08:45,11:45
Chiara De Luca,2025-02-19,16:15,20:00
Antonio Leone,2025-10-11,12:45,14:45
Sofia Bianchi,2026-09-26,08:45,10:45
Andrea Conti,2026-04-26,18:00,20:00
Matteo Greco,2026-02-26,11:30,12:30
Laura Messina,2025-05-25,15:45,18:45
Francesco Rizzo,2026-03-23,12:00,17:00
Silvia Martini,2026-07-26,12:30,14:30
Laura Messina,2025-10-14,10:00,14:00
Chiara De Luca,2025-11-19,16:45,20:00
Chiara De Luca,2026-01-02,18:45,20:45
Andrea Conti,2026-07-27,12:45,17:45
Francesco Rizzo,2026-02-15,17:15,18:15
Giulia Romano,2025-12-29,17:15,18:15
Anna Serra,2026-01-02,14:30,15:30
Elisabetta Ferrara,2025-03-09,13:15,16:15
Simone Villa,2026-10-28,15:45,20:00
Davide Santoro,2026-08-13,17:15,20:00
Giulia Romano,2026-08-30,17:45,20:45
Luca Ferrari,2025-12-05,13:45,20:00
Francesco Rizzo,2026-04-21,15:00,17:00
Giulia Romano,2026-09-03,17:45,20:00
Antonio Leone,2026-01-13,09:30,13:30
Valentina Moretti,2026-10-10,14:30,15:30
Francesco Rizzo,2025-01-23,12:00,15:00
Valentina Moretti,2025-07-24,15:15,20:15
Antonio Leone,2026-04-02,12:30,16:30
Giulia Romano,2025-10-17,16:30,17:30
Elisabetta Ferrara,2026-04-20,18:45,20:00
Simone Villa,2025-05-08,16:45,17:45
Anna Serra,2026-12-10,10:45,14:45
Daniele Gatti,2026-05-28,12:45,17:45
Sofia Bianchi,2025-10-17,18:30,20:00
Marco Rossi,2026-04-29,15:15,17:15
Luca Ferrari,2026-03-11,18:15,20:00
Marco Rossi,2025-05-21,08:15,10:15
Davide Santoro,2025-11-04,09:15,12:15
Elena Barbieri,2025-09-20,10:45,15:45
Davide Santoro,2026-08-25,15:30,20:00
Alessia Marino,2026-05-07,11:15,17:15
Matteo Greco,2026-10-31,14:15,15:15
Giulia Romano,2025-10-10,10:15,16:15
Francesco Rizzo,2025-08-30,12:45,15:45
Francesco Rizzo,2026-03-25,09:45,13:45
Silvia Martini,2026-05-01,08:30,15:30
Matteo Greco,2026-04-20,16:30,17:30
Alessia Marino,2025-10-15,18:30,19:30
Luca Ferrari,2026-03-05,08:15,10:15
Simone Villa,2026-12-08,15:00,17:00
Marco Rossi,2025-09-06,15:45,18:45
Giulia Romano,2025-07-14,12:00,14:00
Marco Rossi,2026-06-24,10:00,15:00
Luca Ferrari,2026-05-13,13:15,18:15
Matteo Greco,2025-02-01,18:15,20:00
Chiara De Luca,2025-07-06,17:30,20:00
Alessia Marino,2026-12-05,08:00,13:00
Giulia Romano,2025-01-10,15:45,17:45
Roberto Palmieri,2025-11-03,12:30,20:30
Simone Villa,2025-11-24,13:30,16:30
Anna Serra,2025-10-31,18:00,20:00
Matteo Greco,2025-09-27,17:00,19:00
Valentina Moretti,2026-11-05,09:00,17:00
Matteo Greco,2026-03-18,12:15,16:15
Antonio Leone,2025-01-31,11:30,13:30
Marco Rossi,2026-01-06,14:30,19:30
Simone Villa,2026-12-08,10:30,14:30
Luca Ferrari,2026-04-09,11:00,15:00
Simone Villa,2026-10-12,14:45,18:45
Andrea Conti,2025-03-31,10:30,16:30
Anna Serra,2026-10-10,08:15,09:15
Elena Barbieri,2025-06-15,13:30,20:30
Matteo Greco,2025-09-05,13:15,14:15
Sofia Bianchi,2025-10-16,15:15,19:15
Valentina Moretti,2026-02-22,16:00,20:00
Elisabetta Ferrara,2025-11-23,08:30,11:30
Roberto Palmieri,2026-10-07,10:00,15:00
Alessia Marino,2026-09-28,15:15,20:00
Elena Barbieri,2025-05-18,13:15,20:15
Sofia Bianchi,2025-06-22,17:45,20:00
Francesco Rizzo,2025-05-08,11:30,16:30
Silvia Martini,2026-08-26,14:30,20:00
Francesco Rizzo,2025-04-07,09:00,16:00
Roberto Palmieri,2026-12-26,09:15,13:15
Silvia Martini,2025-11-07,08:15,11:15
Elena Barbieri,2026-08-02,10:00,12:00
Silvia Martini,2025-12-18,14:00,15:00
Alessia Marino,2025-05-02,08:30,13:30
Anna Serra,2025-05-29,09:00,11:00
Silvia Martini,2026-02-26,09:30,10:30
Elisabetta Ferrara,2025-11-30,18:15,20:15
Elena Barbieri,2025-02-12,18:00,20:00
Andrea Conti,2025-08-01,15:30,19:30
Davide Santoro,2025-05-20,08:30,15:30
Silvia Martini,2026-08-31,15:45,20:00
Davide Santoro,2026-04-28,17:15,20:00
Francesco Rizzo,2025-11-13,14:00,15:00
Francesco Rizzo,2026-08-28,08:15,14:15
Alessia Marino,2025-05-24,17:45,19:45
Sofia Bianchi,2026-10-12,15:30,19:30
Luca Ferrari,2026-02-21,13:15,20:15
Valentina Moretti,2026-11-19,15:00,17:00
Laura Messina,2026-02-28,14:15,20:00
Valentina Moretti,2025-08-28,17:00,20:00
Alessia Marino,2026-05-13,08:30,13:30
Luca Ferrari,2025-12-28,15:45,18:45
Alessia Marino,2026-07-31,08:15,11:15
Matteo Greco,2025-08-27,08:00,14:00
Chiara De Luca,2026-04-27,15:30,19:30
Antonio Leone,2026-11-23,16:30,18:30
Laura Messina,2025-08-16,08:00,15:00
Elisabetta Ferrara,2026-10-24,18:45,20:45
Marco Rossi,2026-06-25,17:45,20:00
Elisabetta Ferrara,2025-07-26,14:30,20:30
Elena Barbieri,2026-10-11,10:00,14:00
Alessia Marino,2026-03-04,13:15,17:15
Marco Rossi,2025-06-08,15:00,19:00
Antonio Leone,2026-02-28,14:00,20:00
Roberto Palmieri,2025-08-09,15:45,20:45
Laura Messina,2025-07-31,17:45,20:00
Valentina Moretti,2025-12-29,11:45,14:45
Francesco Rizzo,2025-02-20,11:15,12:15
Davide Santoro,2026-06-07,09:15,14:15
Antonio Leone,2026-11-23,11:15,12:15
Andrea Conti,2025-07-26,14:15,15:15
Davide Santoro,2026-04-01,16:45,20:00
Alessia Marino,2025-03-06,15:45,20:00
Andrea Conti,2025-12-27,08:45,16:45
Silvia Martini,2026-11-08,14:00,18:00
Marco Rossi,2026-03-10,12:30,17:30
Daniele Gatti,2025-02-03,13:15,15:15
Davide Santoro,2025-03-05,10:00,11:00
Anna Serra,2025-06-29,10:30,18:30
Valentina Moretti,2026-10-17,09:30,16:30
Simone Villa,2025-11-18,08:45,13:45
Davide Santoro,2026-03-13,16:00,17:00
Elisabetta Ferrara,2026-01-28,08:30,12:30
Sofia Bianchi,2026-02-05,15:30,20:00
Chiara De Luca,2025-07-19,15:30,20:00
Elisabetta Ferrara,2025-09-29,13:00,14:00
Elena Barbieri,2026-09-22,17:30,20:00
Anna Serra,2025-10-09,14:00,16:00
Alessia Marino,2025-04-06,17:45,20:00
Laura Messina,2025-08-12,09:15,16:15
Simone Villa,2025-09-21,10:45,13:45
Elena Barbieri,2026-09-30,18:00,20:00
Davide Santoro,2026-02-07,11:00,14:00
Matteo Greco,2025-07-06,13:45,18:45
Simone Villa,2025-12-06,17:45,20:00
Giulia Romano,2026-05-22,16:30,20:30
Matteo Greco,2025-09-30,14:45,19:45
Luca Ferrari,2025-08-19,11:45,12:45
Antonio Leone,2025-01-26,15:45,20:45
Sofia Bianchi,2025-05-21,16:45,17:45
Sofia Bianchi,2025-02-26,15:15,20:00
Simone Villa,2025-02-08,09:15,10:15
Antonio Leone,2026-04-18,08:15,12:15
Andrea Conti,2025-10-04,08:15,09:15
Davide Santoro,2025-04-27,13:45,20:45
Silvia Martini,2026-04-23,18:15,20:00
Marco Rossi,2025-06-25,13:00,20:00
Simone Villa,2025-07-08,11:45,17:45
Chiara De Luca,2025-01-01,17:00,20:00
Roberto Palmieri,2026-04-18,09:00,14:00
Giulia Romano,2026-10-18,18:00,20:00
Chiara De Luca,2026-03-16,13:15,16:15
Alessia Marino,2025-05-20,12:15,13:15
Roberto Palmieri,2026-05-21,13:30,20:30
Valentina Moretti,2025-04-05,15:00,20:00
Davide Santoro,2026-09-09,10:30,17:30
Sofia Bianchi,2025-11-10,16:00,20:00
Chiara De Luca,2025-08-29,09:15,12:15
Silvia Martini,2026-02-15,14:45,20:45
Matteo Greco,2026-07-27,18:00,20:00
Luca Ferrari,2025-05-25,09:15,11:15
Simone Villa,2025-12-23,13:30,20:30
Elisabetta Ferrara,2025-04-29,08:45,13:45
Giulia Romano,2025-10-16,16:30,20:00
Simone Villa,2026-03-05,08:30,14:30
Luca Ferrari,2025-07-13,12:30,17:30
Anna Serra,2026-05-15,09:15,15:15
Daniele Gatti,2025-01-12,08:30,13:30
Daniele Gatti,2025-06-09,08:30,13:30
Roberto Palmieri,2026-12-11,09:00,10:00
Chiara De Luca,2026-09-05,17:45,20:00
Daniele Gatti,2026-02-05,18:45,20:00
Daniele Gatti,2026-10-19,08:45,14:45
Giulia Romano,2025-02-01,13:30,16:30
Chiara De Luca,2026-08-17,15:45,17:45
Sofia Bianchi,2026-09-20,10:00,12:00
Giulia Romano,2026-02-13,08:45,14:45
Laura Messina,2025-12-31,10:15,12:15
Silvia Martini,2025-07-22,13:00,15:00
Antonio Leone,2026-04-18,13:15,15:15
Chiara De Luca,2026-05-31,17:45,18:45
Sofia Bianchi,2025-01-14,11:15,12:15
Elena Barbieri,2025-08-03,09:30,12:30
Francesco Rizzo,2026-12-04,15:30,18:30
Chiara De Luca,2025-12-24,15:30,16:30
Elisabetta Ferrara,2026-12-22,13:00,19:00
Andrea Conti,2025-06-11,09:00,11:00
Luca Ferrari,2025-10-31,17:30,20:00
Andrea Conti,2026-04-13,13:15,20:15
Alessia Marino,2026-09-28,09:30,15:30
Valentina Moretti,2026-06-13,13:45,15:45
Andrea Conti,2025-08-22,17:15,20:15
Chiara De Luca,2026-04-19,09:30,11:30
Laura Messina,2025-02-17,08:15,11:15
Elisabetta Ferrara,2026-05-29,18:00,20:00
Davide Santoro,2025-08-27,14:15,18:15
Luca Ferrari,2026-10-07,14:00,20:00
Anna Serra,2025-09-06,12:15,14:15
Daniele Gatti,2025-07-13,16:30,18:30
Elisabetta Ferrara,2026-04-05,13:45,20:00
Davide Santoro,2025-08-01,16:45,20:00
Anna Serra,2026-09-07,11:45,12:45
Antonio Leone,2026-03-29,18:15,20:15
Marco Rossi,2025-03-25,09:45,16:45
Anna Serra,2026-06-14,14:15,20:00
Marco Rossi,2025-10-01,18:00,20:00
Chiara De Luca,2026-01-05,18:30,20:00
Giulia Romano,2026-01-12,15:45,20:00
Silvia Martini,2026-07-27,14:00,16:00
Francesco Rizzo,2026-12-15,08:45,11:45
Andrea Conti,2026-12-23,09:15,16:15
Davide Santoro,2025-12-30,11:45,15:45
Valentina Moretti,2025-03-08,18:30,20:00
Sofia Bianchi,2025-02-01,12:15,15:15
Antonio Leone,2025-08-31,16:30,18:30
Marco Rossi,2026-07-01,10:30,18:30
Valentina Moretti,2025-09-26,12:30,14:30
Matteo Greco,2026-07-30,12:30,13:30
Valentina Moretti,2026-02-28,17:15,20:00
Simone Villa,2026-10-16,13:45,20:45
Francesco Rizzo,2025-04-30,17:00,18:00
Simone Villa,2025-10-13,08:45,12:45
Chiara De Luca,2026-07-03,10:15,11:15
Roberto Palmieri,2026-10-13,09:15,13:15
Silvia Martini,2026-09-11,17:30,20:00
Matteo Greco,2026-10-18,12:00,15:00
Simone Villa,2025-06-08,18:15,20:00
Matteo Greco,2025-04-23,13:00,20:00
Roberto Palmieri,2026-12-11,13:45,20:45
Anna Serra,2025-12-03,13:00,16:00
Simone Villa,2026-05-06,11:15,18:15
Francesco Rizzo,2025-08-13,14:15,20:00
Daniele Gatti,2025-04-07,16:15,18:15
Giulia Romano,2026-07-24,08:00,15:00
Daniele Gatti,2026-11-20,13:15,20:15
Marco Rossi,2026-06-18,11:45,17:45
Sofia Bianchi,2026-11-10,15:45,17:45
Sofia Bianchi,2026-01-02,15:30,20:00
Davide Santoro,2026-09-04,10:15,13:15
Roberto Palmieri,2025-12-23,10:30,11:30
Francesco Rizzo,2026-06-30,14:30,20:00
Andrea Conti,2025-11-17,16:45,20:00
Sofia Bianchi,2026-04-13,15:15,16:15
Luca Ferrari,2025-02-03,18:45,20:00
Simone Villa,2026-11-15,17:15,19:15
Matteo Greco,2026-11-16,10:15,13:15
Elena Barbieri,2026-09-19,13:00,18:00
Giulia Romano,2026-01-29,15:15,20:00
Matteo Greco,2026-03-06,14:45,18:45
Roberto Palmieri,2025-09-27,09:15,14:15
Simone Villa,2025-08-07,11:15,12:15
Valentina Moretti,2026-03-07,09:00,10:00
Simone Villa,2026-01-24,08:45,09:45
Luca Ferrari,2025-08-13,11:15,16:15
Daniele Gatti,2026-04-09,14:00,15:00
Simone Villa,2025-06-24,13:15,19:15
Silvia Martini,2025-07-22,14:00,19:00
Silvia Martini,2026-05-30,09:45,10:45
Matteo Greco,2025-08-15,12:00,15:00
Matteo Greco,2026-02-01,17:30,20:00
Laura Messina,2025-05-10,09:00,14:00
Sofia Bianchi,2025-12-26,15:45,19:45
Chiara De Luca,2025-08-15,13:00,20:00
Simone Villa,2026-09-24,16:30,20:00
Alessia Marino,2025-06-06,12:45,14:45
Silvia Martini,2025-05-25,17:15,20:15
Elisabetta Ferrara,2026-03-20,13:15,18:15
Marco Rossi,2025-08-01,16:30,20:30
Matteo Greco,2025-10-16,14:30,20:00
Sofia Bianchi,2026-12-05,17:15,20:00
Davide Santoro,2026-02-26,13:30,20:00
Anna Serra,2026-05-29,18:30,20:30
Luca Ferrari,2025-01-18,08:45,12:45
Elisabetta Ferrara,2026-04-09,14:30,20:30
Roberto Palmieri,2025-02-10,08:45,16:45
Matteo Greco,2025-11-12,09:45,16:45
Francesco Rizzo,2025-10-28,16:15,19:15
Daniele Gatti,2026-10-31,17:00,20:00
Roberto Palmieri,2026-06-27,14:30,19:30
Valentina Moretti,2025-07-29,09:30,11:30
Matteo Greco,2025-04-06,10:30,14:30
Alessia Marino,2025-07-07,17:15,20:00
Daniele Gatti,2025-03-04,17:15,19:15
Roberto Palmieri,2025-06-14,13:30,20:30
Simone Villa,2026-09-06,11:00,18:00
Chiara De Luca,2026-03-31,11:45,14:45
Luca Ferrari,2025-07-12,18:45,20:45
Valentina Moretti,2025-05-30,11:00,12:00
Chiara De Luca,2025-09-25,13:30,15:30
Andrea Conti,2026-04-30,13:45,18:45
Silvia Martini,2026-01-17,10:15,11:15
Chiara De Luca,2025-01-31,12:15,13:15
Laura Messina,2025-03-23,09:30,10:30
Matteo Greco,2026-05-12,15:15,16:15
Roberto Palmieri,2025-02-08,08:30,12:30
Elisabetta Ferrara,2025-11-16,17:45,20:00
Davide Santoro,2025-02-10,13:30,20:00
Simone Villa,2025-10-21,17:15,20:00
Laura Messina,2025-06-02,18:45,19:45
Chiara De Luca,2025-01-22,13:15,20:00
Andrea Conti,2026-01-11,10:15,13:15
Andrea Conti,2026-02-17,10:30,17:30
Valentina Moretti,2025-07-06,13:15,18:15
Anna Serra,2025-11-14,15:15,20:00
Silvia Martini,2025-01-17,17:45,20:45
Alessia Marino,2026-05-15,18:45,20:00
Sofia Bianchi,2025-06-01,17:30,20:00
Roberto Palmieri,2025-01-10,12:30,14:30
Sofia Bianchi,2026-04-03,11:45,13:45
Matteo Greco,2025-03-26,11:00,18:00
Sofia Bianchi,2026-09-04,18:00,20:00
